稼働年数,稼働時間,平均稼働レベル,平均温度,平均振動数,直近修理日,修理回数,前回修理からの日数,稼働時間 x 稼働レベル,故障
1,960,4.498310421,49.77336191,2.266061838,2021-02-13 00:00:00,0,960,4318.378004,1
13,3872,7.771122454,54.56615064,3.89419238,2021-05-12 00:00:00,1,872,30089.78614,1
8,3192,1.820518988,55.15239918,4.632918945,2023-03-23 00:00:00,1,192,5811.09661,0
8,566,12.0711117,69.0351666,4.779178675,2022-03-14 00:00:00,4,566,6832.249223,0
6,,,95.44606702,3.097051637,,1,,,1
4,3544,5.15249306,,2.107045217,2022-04-05 00:00:00,3,544,18260.4354,1
3,3271,2.276868641,29.7201101,4.043970886,2023-01-03 00:00:00,2,271,7447.637323,0
11,3019,,35.79763919,1.629506225,2023-09-12 00:00:00,1,19,,1
3,230,7.373686397,90.95399202,3.03833313,2023-02-13 00:00:00,1,230,1695.947871,0
6,1785,7.540620591,71.66486501,2.113603077,2022-12-20 00:00:00,3,285,13460.00776,0
13,869,3.783894911,42.87254314,3.454839832,2021-05-15 00:00:00,0,869,3288.204677,1
8,2491,10.76340348,85.27575512,1.581795108,2021-01-13 00:00:00,0,991,26811.63808,1
7,,5.946034815,88.90959971,1.362168256,,4,,,1
11,1284,9.764089373,87.7211471,4.63207589,2020-03-26 00:00:00,3,1284,12537.09076,1
1,4655,5.758982666,93.51412269,0.958116573,2023-04-29 00:00:00,2,155,26808.06431,1
11,3485,4.904019167,40.17928161,2.776810585,2022-06-03 00:00:00,2,485,17090.5068,1
6,4217,0.653356005,80.4033543,,2020-06-01 00:00:00,3,1217,2755.202273,1
7,,8.607897592,56.84315978,0.675184835,,2,,,1
12,,7.563812739,87.35988423,0.662084682,,0,,,1
7,574,2.308991066,,1.288497974,2022-03-06 00:00:00,2,574,1325.360872,0
9,1182,9.995651925,82.11579572,4.400466595,2020-07-06 00:00:00,2,1182,11814.86058,1
11,2658,6.263763734,72.49294701,1.771154348,2020-07-30 00:00:00,3,1158,16649.08401,1
11,2147,6.935330654,34.19430156,4.777066268,2021-12-23 00:00:00,3,647,14890.15491,0
10,2847,8.448015808,63.60215351,3.117300318,2020-01-23 00:00:00,2,1347,24051.50101,1
5,1075,4.630156881,98.77357916,2.464763854,2020-10-21 00:00:00,1,1075,4977.418647,1
1,1906,10.44940365,94.99104532,3.110399756,2022-08-21 00:00:00,3,406,19916.56336,1
2,,4.327060681,23.45389886,2.825142734,,4,,,1
4,2834,2.733901297,33.18518526,3.914493142,2020-02-05 00:00:00,4,1334,7747.876276,1
5,3105,9.273933625,30.53830188,1.771232297,2023-06-18 00:00:00,0,105,28795.5639,1
9,4758,12.41870228,,2.088726762,2023-01-16 00:00:00,2,258,59088.18546,1
11,1999,6.898090382,85.42282639,4.523424361,2022-05-20 00:00:00,1,499,13789.28267,1
1,,2.972575587,37.0809093,4.759054309,,0,,,1
3,1628,7.655005003,60.46821544,4.516512024,2023-05-26 00:00:00,2,128,12462.34814,0
5,3302,,87.25624224,2.387515973,2022-12-03 00:00:00,3,302,,1
3,3656,0.501986695,78.62412358,4.011644764,2021-12-14 00:00:00,4,656,1835.263358,1
4,3990,,63.37897644,,2021-01-14 00:00:00,1,990,,1
14,746,10.45053467,67.22781524,2.738929335,2021-09-15 00:00:00,4,746,7796.098865,1
3,2988,8.761355716,60.66884375,1.421060491,2019-09-04 00:00:00,3,1488,26178.93088,1
4,2535,2.00312417,43.80387611,3.160086365,2020-11-30 00:00:00,2,1035,5077.919771,1
14,,,97.80263914,1.33761154,,3,,,1
13,2463,6.436822695,75.11082416,,2021-02-10 00:00:00,3,963,15853.8943,1
13,2161,7.432536706,89.86583327,,2021-12-09 00:00:00,4,661,16061.71182,0
1,341,1.744815337,,1.431841141,2022-10-25 00:00:00,1,341,594.9820299,0
12,2141,3.886620722,80.88972296,0.820212283,2021-12-29 00:00:00,3,641,8321.254965,1
8,2924,9.229123854,,0.810534167,2019-11-07 00:00:00,4,1424,26985.95815,1
4,2712,4.271148939,,4.733530342,2020-06-06 00:00:00,1,1212,11583.35592,1
7,1463,10.57417522,20.74652959,2.781141971,2019-09-29 00:00:00,2,1463,15470.01835,1
2,1578,4.734517484,39.73430916,2.342354323,2023-07-15 00:00:00,2,78,7471.06859,1
2,2656,5.739300648,78.11693721,4.148953615,2020-08-01 00:00:00,0,1156,15243.58252,1
6,875,6.669225012,99.34479611,4.261216676,2021-05-09 00:00:00,4,875,5835.571885,1
14,4114,8.887865495,27.93424797,1.994859649,2020-09-12 00:00:00,1,1114,36564.67865,1
2,134,10.5567753,,3.621281259,2023-05-20 00:00:00,3,134,1414.607891,0
6,3252,10.41883228,84.0056775,3.970052671,2023-01-22 00:00:00,2,252,33882.04258,1
11,2055,7.102732561,36.32285077,3.445928091,2022-03-25 00:00:00,1,555,14596.11541,1
2,,8.114830012,64.40679594,1.182177837,,4,,,0
4,4043,6.896088648,78.64570368,4.441473876,2020-11-22 00:00:00,0,1043,27880.8864,1
7,3173,5.974898406,69.27883602,2.925925487,2023-04-11 00:00:00,2,173,18958.35264,1
8,1121,10.96036648,35.04197877,1.771125919,2020-09-05 00:00:00,1,1121,12286.57082,1
3,3561,3.355068313,48.43076549,2.413526834,2022-03-19 00:00:00,1,561,11947.39826,1
14,2713,2.832110361,82.70334276,0.669069907,2020-06-05 00:00:00,1,1213,7683.51541,1
13,3943,6.167840956,64.33812113,1.075400606,2021-03-02 00:00:00,4,943,24319.79689,1
9,1600,3.104526841,20.41836908,3.944960377,2023-06-23 00:00:00,4,100,4967.242946,1
2,14694,2.024206868,80.8792608,0.500052356,2020-06-24 00:00:00,4,1194,29743.69572,1
8,783,6.714199947,22.8249084,2.374546228,2021-08-09 00:00:00,3,783,5257.218558,0
8,4397,8.539215371,79.65870262,2.851295815,2019-12-04 00:00:00,1,1397,37546.92999,1
13,2081,11.74121624,36.19844481,,2022-02-27 00:00:00,2,581,24433.471,1
14,,12.926153,96.64587841,4.878851733,,4,,,1
4,,3.780285081,49.4352601,1.517563991,,4,,,0
1,4651,4.070537485,46.15452931,1.868894238,2023-05-03 00:00:00,1,151,18932.06984,1
13,3898,4.764640948,31.91104403,1.867741305,2021-04-16 00:00:00,4,898,18572.57041,1
1,1375,8.672150886,44.44833724,1.53687498,2019-12-26 00:00:00,3,1375,11924.20747,1
2,,4.594600564,90.13206095,0.506632199,,3,,,1
14,437,7.027856749,99.70674701,3.782051573,2022-07-21 00:00:00,4,437,3071.173399,0
12,978,7.307876092,49.46476244,4.850804749,2021-01-26 00:00:00,1,978,7147.102818,1
14,1176,,55.88885048,1.509320675,2020-07-12 00:00:00,1,1176,,1
9,4987,5.734946548,77.76567506,3.483712363,2022-06-01 00:00:00,1,487,28600.17843,1
13,4093,5.343514384,90.89566244,3.838533471,2020-10-03 00:00:00,0,1093,21871.00438,1
2,,13.21322464,67.44354673,4.317914206,,4,,,1
2,479,8.662416314,,2.401831387,2022-06-09 00:00:00,1,479,4149.297415,0
6,592,2.865660491,53.00974727,1.863189075,2022-02-16 00:00:00,3,592,1696.471011,0
7,2162,10.41523469,75.64945172,1.963828103,2021-12-08 00:00:00,2,662,22517.73741,1
13,3984,8.607944169,30.38619163,3.706795999,2021-01-20 00:00:00,2,984,34294.04957,1
7,492,13.18013527,69.567147,,2022-05-27 00:00:00,1,492,6484.626551,1
13,2668,9.880495042,48.43944084,,2020-07-20 00:00:00,2,1168,26361.16077,1
9,2127,5.735239354,83.5357865,2.169234537,2022-01-12 00:00:00,2,627,12198.85411,0
6,2795,4.671926875,27.43925119,4.558730885,2020-03-15 00:00:00,0,1295,13058.03562,1
14,1595,7.683598255,67.05618136,4.130120839,2023-06-28 00:00:00,3,95,12255.33922,1
8,491,8.768110345,87.71674679,4.931862812,2022-05-28 00:00:00,3,491,4305.142179,1
11,4614,11.28468527,71.38604207,3.894117169,2023-06-09 00:00:00,0,114,52067.53785,1
6,4574,5.878708243,25.18828756,2.269378405,2023-07-19 00:00:00,0,74,26889.21151,1
2,3661,5.060862101,66.39870299,3.157870253,2021-12-09 00:00:00,2,661,18527.81615,1
1,2378,10.29258238,64.91876704,3.474564144,2021-05-06 00:00:00,4,878,24475.76089,1
5,3199,12.00885954,97.27921133,0.853051173,2023-03-16 00:00:00,2,199,38416.34167,1
14,300,5.977580143,,2.950236316,2022-12-05 00:00:00,0,300,1793.274043,0
9,4975,5.830542932,74.11743498,3.691943728,2022-06-13 00:00:00,3,475,29006.95109,1
8,3204,7.37836842,84.39911997,1.252945868,2023-03-11 00:00:00,2,204,23640.29242,1
14,,3.301097434,41.58565761,4.012842728,,4,,,1
13,2554,10.86122461,86.00395281,3.126977512,2020-11-11 00:00:00,2,1054,27739.56765,1
4,3745,1.947592456,59.86045458,4.784998036,2021-09-16 00:00:00,1,745,7293.733747,0
5,904,7.090945904,26.16466233,0.690900342,2021-04-10 00:00:00,2,904,6410.215097,0
13,2831,4.017604311,24.68407434,1.693967619,2020-02-08 00:00:00,0,1331,11373.8378,1
5,,8.609419446,,3.206992457,,3,,,1
6,1670,11.23939121,82.79175817,1.834519605,2023-04-14 00:00:00,3,170,18769.78332,1
3,2790,8.538777472,76.61447478,3.714908738,2020-03-20 00:00:00,0,1290,23823.18915,1
5,3940,2.069324216,83.08919717,3.915523771,2021-03-05 00:00:00,1,940,8153.137409,0
2,1128,3.110868008,,0.961321838,2020-08-29 00:00:00,0,1128,3509.059113,1
10,602,2.789158611,55.21591984,2.812345089,2022-02-06 00:00:00,2,602,1679.073484,0
1,13779,13.40292813,,2.7900075,2022-12-26 00:00:00,0,279,184678.9467,1
11,970,10.37515232,,2.161763466,2021-02-03 00:00:00,0,970,10063.89775,0
1,4588,7.422819024,54.72154929,4.698161882,2023-07-05 00:00:00,1,88,34055.89368,1
10,306,7.35272171,27.08803437,4.223778439,2022-11-29 00:00:00,2,306,2249.932843,0
7,1584,7.374630882,37.64895622,3.637442219,2023-07-09 00:00:00,4,84,11681.41532,1
2,963,4.661365158,67.85802353,3.714469861,2021-02-10 00:00:00,4,963,4488.894647,1
4,2890,9.985187471,78.85304914,2.577722647,2019-12-11 00:00:00,3,1390,28857.19179,1
5,663,6.310861048,99.86780091,4.644475345,2021-12-07 00:00:00,0,663,4184.100875,0
7,4291,6.136245544,,3.625679423,2020-03-19 00:00:00,3,1291,26330.62963,1
2,,5.291637287,71.40521596,3.780414777,,1,,,0
14,1778,0.553696067,53.69984426,4.377609067,2022-12-27 00:00:00,4,278,984.4716069,0
6,3342,4.263897131,70.89418918,1.733322152,2022-10-24 00:00:00,0,342,14249.94421,1
1,4736,10.86050983,82.85212945,4.131819067,2023-02-07 00:00:00,1,236,51435.37453,1
7,1159,5.538699091,29.46689527,1.378582713,2020-07-29 00:00:00,1,1159,6419.352246,1
9,1822,6.927117515,52.79239118,2.054038785,2022-11-13 00:00:00,0,322,12621.20811,0
5,10242,2.969785144,87.18418285,,2020-05-07 00:00:00,1,1242,30416.53944,1
5,3257,4.153395675,50.70663615,4.903364608,2023-01-17 00:00:00,0,257,13527.60971,1
4,2725,5.067145282,65.7497817,4.354417507,2020-05-24 00:00:00,0,1225,13807.97089,1
3,2829,6.672464001,67.02154887,3.655264377,2020-02-10 00:00:00,2,1329,18876.40066,1
9,1697,,34.75810025,3.771755427,2023-03-18 00:00:00,3,197,,1
5,3160,6.384441568,48.97883533,3.029327575,2023-04-24 00:00:00,1,160,20174.83535,1
8,2793,6.705850348,46.7609031,,2020-03-17 00:00:00,1,1293,18729.44002,1
9,4991,,22.09573668,2.733164388,2022-05-28 00:00:00,2,491,,0
5,,11.18844339,21.93534111,2.212329694,,2,,,1
10,1463,11.00200271,86.53576349,1.233659016,2019-09-29 00:00:00,2,1463,16095.92996,1
9,2081,9.819372798,41.8456648,4.037925435,2022-02-27 00:00:00,4,581,20434.11479,1
2,1763,6.942230459,61.4463013,3.804997694,2023-01-11 00:00:00,4,263,12239.1523,1
9,,3.985371378,43.89804589,2.229597673,,4,,,1
11,2138,6.361342371,95.25433961,0.613370363,2022-01-01 00:00:00,0,638,13600.54999,1
4,3402,7.212449329,40.74374071,4.275487975,2022-08-25 00:00:00,1,402,24536.75262,1
6,2337,2.587748726,81.55881753,,2021-06-16 00:00:00,3,837,6047.568774,0
6,1406,5.375373287,89.81842004,,2019-11-25 00:00:00,0,1406,7557.774842,1
6,4129,9.001057824,,4.866156994,2020-08-28 00:00:00,1,1129,37165.36776,1
2,2775,3.861089731,34.88811343,2.469475977,2020-04-04 00:00:00,1,1275,10714.524,1
7,,11.88866995,84.21146478,1.557380322,,2,,,1
13,,5.138751466,56.65495094,3.671919545,,2,,,1
6,4844,3.419403323,58.63750977,4.177076639,2022-10-22 00:00:00,0,344,16563.5897,1
11,4513,7.987717728,30.67839779,2.958936422,2023-09-18 00:00:00,2,13,36048.57011,1
14,3848,5.082808078,26.4481211,4.851658739,2021-06-05 00:00:00,1,848,19558.64548,1
1,4879,10.8675673,78.23514456,0.732509247,2022-09-17 00:00:00,2,379,53022.86087,1
2,763,7.348975802,59.71689219,,2021-08-29 00:00:00,4,763,5607.268537,1
7,2098,6.018668516,54.94805621,3.733042763,2022-02-10 00:00:00,2,598,12627.16655,1
1,3545,9.710058805,78.36065829,4.38188212,2022-04-04 00:00:00,1,545,34422.15847,1
1,3843,10.54157248,81.24103192,,2021-06-10 00:00:00,0,843,40511.26304,1
1,1595,10.68283556,32.71265341,4.100015668,2023-06-28 00:00:00,3,95,17039.12272,1
8,3404,5.034267914,103.2270179,,2022-08-23 00:00:00,2,404,17136.64798,0
4,3863,8.909227783,30.82832658,,2021-05-21 00:00:00,1,863,34416.34692,1
4,1953,7.558380278,80.11000688,1.092717629,2022-07-05 00:00:00,3,453,14761.51668,1
13,4759,1.99192396,72.5564125,4.393830915,2023-01-15 00:00:00,3,259,9479.566124,1
2,1391,9.502780201,96.52916969,1.207729437,2019-12-10 00:00:00,4,1391,13218.36726,1
11,3681,4.027303863,25.51664131,1.894045366,2021-11-19 00:00:00,3,681,14824.50552,1
11,3557,9.813002392,,1.805204894,2022-03-23 00:00:00,1,557,34904.84951,1
11,,8.292844201,42.57496598,4.421363154,,1,,,1
1,3796,5.447386527,,,2021-07-27 00:00:00,2,796,20678.27925,1
12,3099,,39.75830393,4.085066287,2023-06-24 00:00:00,2,99,,1
10,3252,11.92726885,92.50036644,,2023-01-22 00:00:00,2,252,38787.4783,1
9,798,7.658236718,39.96369599,3.311933448,2021-07-25 00:00:00,3,798,6111.272901,0
7,2260,9.331372106,41.75597809,3.072856924,2021-09-01 00:00:00,3,760,21088.90096,1
4,4197,10.62749289,80.75186099,4.247736696,2020-06-21 00:00:00,4,1197,44603.58766,1
12,4837,7.758427732,83.96878109,4.577391772,2022-10-29 00:00:00,2,337,37527.51494,1
6,954,11.98435885,82.13684456,0.554705472,2021-02-19 00:00:00,0,954,11433.07835,1
14,3574,6.397976743,25.22929261,3.533089636,2022-03-06 00:00:00,4,574,22866.36888,1
2,1807,6.544808626,88.50854324,0.733261096,2022-11-28 00:00:00,0,307,11826.46919,0
7,2877,3.823581785,22.68908801,,2019-12-24 00:00:00,3,1377,11000.4448,1
2,1833,12.66569349,25.01225628,1.794347281,2022-11-02 00:00:00,4,333,23216.21616,1
10,3610,13.74702506,92.51499627,,2022-01-29 00:00:00,4,610,49626.76047,1
8,302,1.513799123,31.13962969,2.088313266,2022-12-03 00:00:00,1,302,457.1673352,0
8,,11.76204271,62.59365458,3.295816021,,3,,,1
1,4318,12.2480766,79.33147231,2.003224846,2020-02-21 00:00:00,3,1318,52887.19475,1
13,4596,6.766385808,,3.797145728,2023-06-27 00:00:00,4,96,31098.30917,1
8,,6.127520926,91.98666765,2.320373235,,3,,,1
2,,,21.74587174,0.807589401,,4,,,1
6,2427,4.472668804,73.10317489,4.026919291,2021-03-18 00:00:00,1,927,10855.16719,1
13,3031,11.29798215,97.07155474,1.785912461,2023-08-31 00:00:00,4,31,34244.1839,1
1,297,5.200783516,64.81345468,,2022-12-08 00:00:00,3,297,1544.632704,0
5,6090,12.81431783,94.94579696,,2023-07-03 00:00:00,3,90,78039.19561,1
11,3682,14.04836889,24.18063034,1.996052707,2021-11-18 00:00:00,4,682,51726.09425,1
7,708,9.658303832,53.50346553,0.754635453,2021-10-23 00:00:00,4,708,6838.079113,0
13,3372,7.611894282,40.81262328,2.182644712,2022-09-24 00:00:00,4,372,25667.30752,1
10,1247,12.88782984,78.4656772,4.750018622,2020-05-02 00:00:00,2,1247,16071.12381,1
1,4382,10.43626871,147.7556509,3.387804788,2019-12-19 00:00:00,3,1382,45731.72948,1
2,,4.702922763,40.522405,3.521656169,,3,,,0
7,2611,12.26768817,72.33396812,3.345269691,2020-09-15 00:00:00,2,1111,32030.9338,1
6,1894,2.049009265,35.84781062,1.395464625,2022-09-02 00:00:00,4,394,3880.823547,1
3,759,5.978570276,65.22642037,2.382502388,2021-09-02 00:00:00,1,759,4537.734839,0
14,2911,7.097951311,85.6718984,3.879229093,2019-11-20 00:00:00,4,1411,20662.13627,1
10,1469,4.16628504,97.76042637,0.956178039,2019-09-23 00:00:00,4,1469,6120.272723,1
2,2086,4.86712161,68.68218182,1.750337492,2022-02-22 00:00:00,2,586,10152.81568,1
10,246,11.08939557,47.96050977,1.743435988,2023-01-28 00:00:00,3,246,2727.99131,1
4,3319,,29.12766279,2.444085174,2022-11-16 00:00:00,4,319,,0
3,3011,8.101968712,32.0997463,,2023-09-20 00:00:00,3,11,24395.02779,1
7,1834,2.209166812,38.0253544,0.80376146,2022-11-01 00:00:00,0,334,4051.611933,0
8,1943,4.756399804,40.07733291,2.834154475,2022-07-15 00:00:00,3,443,9241.684818,0
2,588,8.688843512,88.04928463,,2022-02-20 00:00:00,1,588,5109.039985,1
10,3076,11.02289625,64.89782306,,2023-07-17 00:00:00,1,76,33906.42887,1
7,6177,5.660473919,,,2023-04-07 00:00:00,4,177,34964.7474,1
8,2485,7.315232426,29.18150975,2.316204511,2021-01-19 00:00:00,3,985,18178.35258,1
6,3019,10.76969483,88.81117547,3.820482432,2023-09-12 00:00:00,4,19,32513.70869,1
6,,8.876601724,,,,2,,,1
10,1902,4.669521578,25.41346895,2.402278866,2022-08-25 00:00:00,1,402,8881.430041,0
1,4161,0.880470481,76.62680778,2.059358756,2020-07-27 00:00:00,4,1161,3663.637672,1
4,3469,11.94854121,63.48305739,2.289255703,2022-06-19 00:00:00,2,469,41449.48945,1
14,362,0.577952993,26.53802766,1.689243184,2022-10-04 00:00:00,4,362,209.2189833,0
1,723,10.63799014,56.66405132,1.423998224,2021-10-08 00:00:00,3,723,7691.266873,1
4,1116,,58.77570297,2.673678639,2020-09-10 00:00:00,3,1116,,1
2,3743,9.490794658,33.26196321,1.708401902,2021-09-18 00:00:00,3,743,35524.0444,1
11,2149,10.83774645,95.65585176,1.793577492,2021-12-21 00:00:00,3,649,23290.31713,1
13,3823,11.65194598,87.99802972,3.455402286,2021-06-30 00:00:00,0,823,44545.38947,1
5,4648,3.551277372,,4.858417993,2023-05-06 00:00:00,2,148,16506.33722,1
10,3208,8.623799245,56.98364488,3.216367403,2023-03-07 00:00:00,2,208,27665.14798,1
14,4190,8.724040102,52.94124333,0.846407602,2020-06-28 00:00:00,3,1190,36553.72803,1
9,2156,7.404500731,72.07787737,0.840126262,2021-12-14 00:00:00,0,656,15964.10358,1
11,3270,,63.63454955,4.781404494,2023-01-04 00:00:00,3,270,,1
12,1782,11.36085489,24.98184847,1.837808556,2022-12-23 00:00:00,0,282,20245.04342,1
10,2355,12.56051675,61.0002119,0.914301437,2021-05-29 00:00:00,3,855,29580.01695,1
3,3762,9.641949203,84.51228938,3.195700642,2021-08-30 00:00:00,1,762,36273.0129,1
8,4599,5.727869915,56.73919021,3.306419502,2023-06-24 00:00:00,1,99,26342.47374,1
3,3291,5.471297788,24.1565262,3.418271691,2022-12-14 00:00:00,4,291,18006.04102,1
6,5388,9.092926097,82.90225595,1.703309125,2021-04-26 00:00:00,3,888,48992.68581,1
4,4091,4.687026862,,0.567998079,2020-10-05 00:00:00,2,1091,19174.62689,1
8,4823,2.064700882,40.68966679,4.842569163,2022-11-12 00:00:00,4,323,9958.052356,0
11,4782,4.670597035,33.17650827,,2022-12-23 00:00:00,1,282,22334.79502,1
6,1748,4.23011376,46.41720519,3.542118296,2023-01-26 00:00:00,3,248,7394.238852,0
8,1545,5.209380664,80.54012046,3.679834414,2023-08-17 00:00:00,4,45,8048.493126,0
1,12897,5.600144345,92.32630314,3.245033377,2021-04-17 00:00:00,3,897,72225.06161,1
6,4023,4.701662648,36.39050193,1.908083274,2020-12-12 00:00:00,1,1023,18914.78883,1
1,353,1.614398533,90.22640625,1.719933142,2022-10-13 00:00:00,4,353,569.8826822,0
1,3283,10.7958656,90.3665484,3.189507272,2022-12-22 00:00:00,1,283,35442.82676,1
8,2657,6.171968662,134.469411,4.397430351,2020-07-31 00:00:00,0,1157,16398.92073,1
7,198,8.315181853,39.10369691,4.76030178,2023-03-17 00:00:00,1,198,1646.406007,1
3,2300,6.845776469,56.09914753,0.97657612,2021-07-23 00:00:00,3,800,15745.28588,0
6,9183,5.571881959,,1.196728757,2023-04-01 00:00:00,2,183,51166.59203,1
9,4533,11.88541207,81.7609981,4.751313165,2023-08-29 00:00:00,1,33,53876.57292,1
7,,8.668681219,22.1733937,3.814408528,,2,,,0
12,2969,2.499217654,,4.473472212,2019-09-23 00:00:00,0,1469,7420.177216,1
3,,5.300557977,57.11451014,1.411846854,,4,,,1
14,,13.18034392,92.73761647,3.14413642,,4,,,1
14,,11.85668714,63.09614384,3.655128175,,2,,,0
13,4167,7.489486502,59.82500064,3.560503485,2020-07-21 00:00:00,4,1167,31208.69025,1
6,260,9.102551989,28.437896,2.336682609,2023-01-14 00:00:00,1,260,2366.663517,1
11,4593,,72.54240838,,2023-06-30 00:00:00,2,93,,1
4,1400,12.38946471,85.76825285,3.123167256,2019-12-01 00:00:00,3,1400,17345.2506,1
14,4087,2.406084668,75.6504009,1.638956926,2020-10-09 00:00:00,1,1087,9833.668038,1
13,,11.10093118,82.04894807,2.526144108,,1,,,0
3,,7.415832694,97.15813231,4.809114568,,1,,,0
9,4596,9.478082163,36.30131673,2.295658929,2023-06-27 00:00:00,3,96,43561.26562,1
10,4835,5.410408367,61.8663705,4.27910723,2022-10-31 00:00:00,0,335,26159.32445,1
2,3204,5.125715073,42.97103665,1.348432726,2023-03-11 00:00:00,4,204,16422.79109,1
1,2835,,83.42835352,3.526072241,2020-02-04 00:00:00,2,1335,,1
14,4655,6.949091283,66.20746927,4.896531295,2023-04-29 00:00:00,0,155,32348.01992,1
2,1054,3.542087332,70.7665934,0.958518954,2020-11-11 00:00:00,2,1054,3733.360048,1
7,4665,9.421950693,83.83313277,0.53743974,2023-04-19 00:00:00,4,165,43953.39998,1
10,3546,8.118175932,51.67763781,2.451122567,2022-04-03 00:00:00,3,546,28787.05185,1
1,1145,2.665166367,93.20720547,0.916814674,2020-08-12 00:00:00,1,1145,3051.61549,1
6,1793,14.50533797,62.64230938,3.867729574,2022-12-12 00:00:00,1,293,26008.07098,1
14,,8.95871061,32.63638583,4.615468987,,3,,,0
7,,10.80924571,75.67192945,2.453094377,,0,,,0
9,2585,13.28004303,83.46090804,1.66420239,2020-10-11 00:00:00,0,1085,34328.91123,1
14,3454,6.193237315,45.34093417,2.454814936,2022-07-04 00:00:00,2,454,21391.44169,1
8,325,,88.57434056,3.75551518,2022-11-10 00:00:00,3,325,,0
6,4993,12.23477272,92.49146038,,2022-05-26 00:00:00,0,493,61088.22018,1
3,,9.930813513,42.15235899,3.152542953,,3,,,1
8,4648,5.544000279,,3.259812582,2023-05-06 00:00:00,4,148,25768.5133,1
7,3167,10.14436777,31.25692224,3.369597111,2023-04-17 00:00:00,1,167,32127.21273,1
3,915,3.305307631,36.16125347,1.58909936,2021-03-30 00:00:00,1,915,3024.356483,0
9,4854,6.794353225,34.73798714,,2022-10-12 00:00:00,1,354,32979.79056,1
12,4742,10.03542357,,0.911261688,2023-02-01 00:00:00,3,242,47587.97857,1
2,3220,8.417275069,72.34340419,1.396716514,2023-02-23 00:00:00,3,220,27103.62572,1
3,116,5.833337158,32.16834266,4.44861521,2023-06-07 00:00:00,2,116,676.6671104,0
2,,1.463783142,,3.824254178,,1,,,0
13,2305,11.63974843,69.22384201,0.561854993,2021-07-18 00:00:00,2,805,26829.62013,1
1,2624,2.774883937,26.6771268,,2020-09-02 00:00:00,1,1124,7281.295452,1
4,1169,3.279708833,90.59330947,1.464829173,2020-07-19 00:00:00,2,1169,3833.979625,1
5,10632,10.40433053,84.28828284,1.718628476,2023-05-22 00:00:00,2,132,110618.8422,1
13,2665,13.12825636,60.41654189,,2020-07-23 00:00:00,4,1165,34986.8032,1
6,,8.899169537,97.37012922,0.781368331,,2,,,0
5,2427,,53.42087834,2.565232325,2021-03-18 00:00:00,3,927,,0
1,3520,9.447991156,98.72882552,,2022-04-29 00:00:00,2,520,33256.92887,1
3,401,8.595029086,,3.230292761,2022-08-26 00:00:00,1,401,3446.606664,1
1,4376,2.895655959,70.77370186,3.527922509,2019-12-25 00:00:00,2,1376,12671.39048,1
11,706,5.606371048,33.27639162,0.865171303,2021-10-25 00:00:00,0,706,3958.09796,0
5,3270,7.139350339,90.55422066,4.781708196,2023-01-04 00:00:00,1,270,23345.67561,1
5,799,6.835383078,54.19917503,4.273213252,2021-07-24 00:00:00,0,799,5461.471079,1
12,1239,10.70228933,32.97867246,4.122906433,2020-05-10 00:00:00,1,1239,13260.13647,1
11,870,9.619269178,31.5129024,4.203427123,2021-05-14 00:00:00,3,870,8368.764185,1
13,2400,4.396779786,64.78045469,4.697197287,2021-04-14 00:00:00,3,900,10552.27149,1
6,1080,6.02492569,,2.949142848,2020-10-16 00:00:00,3,1080,6506.919745,1
8,9225,7.67210362,77.54828979,1.40126908,2023-02-18 00:00:00,0,225,70775.15589,1
10,1284,2.859006818,91.22064424,3.275526235,2020-03-26 00:00:00,4,1284,3670.964754,1
12,10281,10.9373458,26.35252677,3.842966722,2020-03-29 00:00:00,1,1281,112446.8521,1
1,3494,,78.51971923,3.82062827,2022-05-25 00:00:00,3,494,,0
4,227,7.448565075,34.99295553,2.846520609,2023-02-16 00:00:00,1,227,1690.824272,1
10,2165,7.378037568,88.65416425,0.808064237,2021-12-05 00:00:00,0,665,15973.45133,1
11,1916,11.68432012,85.52508111,2.170008223,2022-08-11 00:00:00,4,416,22387.15736,1
1,669,5.829534463,63.2635004,4.643449738,2021-12-01 00:00:00,0,669,3899.958555,0
9,1995,9.074196297,76.81942389,3.130020094,2022-05-24 00:00:00,1,495,18103.02161,1
11,2833,,45.14800905,2.922493745,2020-02-06 00:00:00,4,1333,,1
7,3963,4.632506944,,1.709840815,2021-02-10 00:00:00,4,963,18358.62502,1
7,4821,10.59777703,85.73095182,2.15802014,2022-11-14 00:00:00,0,321,51091.88304,1
12,4114,9.567282072,56.74121577,4.529057401,2020-09-12 00:00:00,3,1114,39359.79845,1
5,3001,11.05826445,48.62386123,3.499083714,2023-09-30 00:00:00,1,1,33185.85162,1
7,1786,10.98943642,,4.04324162,2022-12-19 00:00:00,2,286,19627.13345,1
12,3109,11.6730144,,,2023-06-14 00:00:00,2,109,36291.40176,1
2,254,7.987722162,46.81664379,3.336112488,2023-01-20 00:00:00,0,254,2028.881429,0
14,2637,11.07484508,33.90092745,1.617726239,2020-08-20 00:00:00,1,1137,29204.36649,1
13,1509,8.347955581,76.96112163,,2023-09-22 00:00:00,1,9,12597.06497,0
4,4157,10.45459232,,2.424206002,2020-07-31 00:00:00,0,1157,43459.74029,1
14,884,,28.05099828,2.491454817,2021-04-30 00:00:00,1,884,,1
14,3275,11.10121986,39.18992902,3.421950461,2022-12-30 00:00:00,3,275,36356.49503,1
7,4441,5.237271884,31.35775918,4.713262797,2019-10-21 00:00:00,0,1441,23258.72444,1
3,2906,,71.75296939,0.78802856,2019-11-25 00:00:00,3,1406,,1
2,637,,56.02807831,4.211344568,2022-01-02 00:00:00,1,637,,1
10,1941,2.405907508,79.90610696,1.815723997,2022-07-17 00:00:00,0,441,4669.866473,0
2,2555,11.51561327,,2.497637545,2020-11-10 00:00:00,1,1055,29422.39191,1
13,624,2.583894725,,0.598609979,2022-01-15 00:00:00,0,624,1612.350309,0
1,3050,3.699973604,48.18999573,1.85470735,2023-08-12 00:00:00,1,50,11284.91949,0
5,4231,9.502448884,87.31580425,2.761840592,2020-05-18 00:00:00,3,1231,40204.86123,1
12,4880,3.916489739,57.70297339,0.752792348,2022-09-16 00:00:00,3,380,19112.46993,1
6,4215,9.461706032,147.4925926,2.709930782,2020-06-03 00:00:00,1,1215,39881.09093,1
6,2468,11.95988937,70.73137106,4.67199783,2021-02-05 00:00:00,0,968,29517.00697,1
9,3947,5.442429732,,0.974269481,2021-02-26 00:00:00,2,947,21481.27015,1
4,4595,1.177600339,74.09420497,3.939983276,2023-06-28 00:00:00,3,95,5411.073558,1
1,8403,6.613204924,46.00832123,2.34351974,2021-04-11 00:00:00,3,903,55570.76098,1
6,1071,,74.90617573,3.448281715,2020-10-25 00:00:00,2,1071,,1
5,1266,13.3382799,,1.671064691,2020-04-13 00:00:00,1,1266,16886.26235,1
10,2874,9.155564659,33.99051497,1.217715181,2019-12-27 00:00:00,0,1374,26313.09283,1
6,6246,7.351599561,,1.222081764,2023-01-28 00:00:00,1,246,45918.09086,1
3,2859,9.329036195,38.17436456,0.817213755,2020-01-11 00:00:00,4,1359,26671.71448,1
2,4246,5.474198669,86.96329002,1.335410172,2020-05-03 00:00:00,3,1246,23243.44755,1
6,3836,9.562840704,42.34208708,3.488987232,2021-06-17 00:00:00,4,836,36683.05694,1
13,3869,1.785109799,71.4305528,,2021-05-15 00:00:00,3,869,6906.589813,0
1,674,12.23344741,75.53204588,4.163565585,2021-11-26 00:00:00,3,674,8245.343556,1
7,3361,,61.01238025,3.583104394,2022-10-05 00:00:00,4,361,,0
7,1248,11.56845335,66.6372812,0.996943385,2020-05-01 00:00:00,4,1248,14437.42979,1
10,1815,4.549217629,37.01155011,1.801343508,2022-11-20 00:00:00,1,315,8256.829996,0
13,4877,10.55982888,22.65514836,1.894130939,2022-09-19 00:00:00,4,377,51500.28546,1
7,11862,10.86311354,44.3157121,1.624806259,2020-01-08 00:00:00,1,1362,128858.2528,1
12,2591,5.984564696,72.25302324,2.817525469,2020-10-05 00:00:00,1,1091,15506.00713,1
11,2760,9.5653679,95.06438548,2.909992167,2020-04-19 00:00:00,1,1260,26400.41541,1
10,3224,7.520241085,,2.105986888,2023-02-19 00:00:00,3,224,24245.25726,1
1,3151,,81.28518212,2.092051214,2023-05-03 00:00:00,3,151,,1
4,104,7.06516587,83.07578746,4.228500191,2023-06-19 00:00:00,4,104,734.7772505,1
13,4969,,73.19879228,4.051817817,2022-06-19 00:00:00,3,469,,1
7,,1.030762918,40.82294861,1.885081243,,4,,,0
11,,5.984005311,92.57560246,4.612047997,,3,,,0
9,4242,7.181614855,73.65858495,4.787667577,2020-05-07 00:00:00,0,1242,30464.41022,1
5,4464,6.875915211,64.83525048,1.970341439,2019-09-28 00:00:00,0,1464,30694.0855,1
13,,1.122413273,28.87915754,2.09491227,,4,,,0
2,735,8.827200734,55.7644435,,2021-09-26 00:00:00,3,735,6487.992539,0
7,1793,9.98392908,56.8286617,4.735043656,2022-12-12 00:00:00,3,293,17901.18484,1
10,1782,11.00715585,89.16508876,,2022-12-23 00:00:00,1,282,19614.75172,1
1,4852,7.821545764,63.73185762,0.961555832,2022-10-14 00:00:00,2,352,37950.14005,1
7,219,3.14525786,,,2023-02-24 00:00:00,4,219,688.8114713,0
6,930,11.74650712,98.14402628,2.990170354,2021-03-15 00:00:00,2,930,10924.25162,1
7,3775,1.877470451,28.85764747,2.764096126,2021-08-17 00:00:00,2,775,7087.450953,1
14,1469,3.860406328,53.80387426,1.372383806,2019-09-23 00:00:00,4,1469,5670.936896,1
13,840,3.705652016,23.36197401,4.36467547,2021-06-13 00:00:00,3,840,3112.747693,0
10,216,8.183307841,118.7884945,3.546233523,2023-02-27 00:00:00,4,216,1767.594494,1
3,2938,9.287810094,93.44612418,4.270587687,2019-10-24 00:00:00,2,1438,27287.58606,1
3,1250,,42.40298636,4.364439257,2020-04-29 00:00:00,3,1250,,1
7,2031,5.140287134,88.66733414,3.867601341,2022-04-18 00:00:00,0,531,10439.92317,0
13,1112,7.225683552,43.37745844,2.476447706,2020-09-14 00:00:00,4,1112,8034.960109,1
2,1764,11.18413102,92.86161293,3.247460398,2023-01-10 00:00:00,4,264,19728.80711,1
1,1181,6.027501989,120.4754284,1.221644328,2020-07-07 00:00:00,3,1181,7118.479849,1
9,4829,9.264773797,84.39254215,3.531404379,2022-11-06 00:00:00,0,329,44739.59267,1
9,,4.528650011,21.44052445,1.306639651,,0,,,1
7,8847,9.776953082,97.02482857,3.622773157,2020-01-23 00:00:00,3,1347,86496.70392,1
7,659,11.68483299,78.13367937,1.533191723,2021-12-11 00:00:00,1,659,7700.304942,1
3,3772,3.853083212,44.38008763,1.028980851,2021-08-20 00:00:00,4,772,14533.82988,0
10,4683,1.29816402,86.35157319,,2023-04-01 00:00:00,4,183,6079.302103,0
2,10329,11.78923746,,0.508964608,2020-02-10 00:00:00,2,1329,121771.0337,1
11,4170,7.884336746,89.82030717,3.73432828,2020-07-18 00:00:00,3,1170,32877.68423,1
7,4899,6.988884513,29.00643123,3.795804721,2022-08-28 00:00:00,2,399,34238.54523,1
9,1570,10.3363396,76.2948782,2.817200075,2023-07-23 00:00:00,2,70,16228.05317,0
1,680,5.167348777,63.25587813,1.226132605,2021-11-20 00:00:00,0,680,3513.797168,1
13,2394,6.945594983,27.72275762,0.875994519,2021-04-20 00:00:00,4,894,16627.75439,1
14,3247,14.34069199,39.35150626,0.586080349,2023-01-27 00:00:00,2,247,46564.2269,1
4,4349,6.96142495,20.9923229,1.245866796,2020-01-21 00:00:00,0,1349,30275.23711,1
6,1779,6.510335236,,,2022-12-26 00:00:00,3,279,11581.88639,0
7,3606,6.995333928,44.10122086,1.586915788,2022-02-02 00:00:00,2,606,25225.17414,1
10,2844,3.468734305,67.86859874,2.094220972,2020-01-26 00:00:00,4,1344,9865.080364,1
7,3456,13.83248106,43.77902462,0.97405468,2022-07-02 00:00:00,2,456,47805.05453,1
10,12435,8.376181046,65.99029338,1.500625871,2022-07-23 00:00:00,3,435,104157.8113,1
2,1343,11.35145963,79.4554559,2.836510569,2020-01-27 00:00:00,2,1343,15245.01028,1
14,3218,6.215653344,,3.234887074,2023-02-25 00:00:00,4,218,20001.97246,1
4,2241,2.856600718,92.23159962,1.604085414,2021-09-20 00:00:00,0,741,6401.642208,0
5,3159,2.771731762,88.18110995,0.759794717,2023-04-25 00:00:00,4,159,8755.900635,0
14,,8.486389577,73.42437466,2.259647911,,0,,,0
12,3059,,67.45772561,1.553915169,2023-08-03 00:00:00,1,59,,1
1,2365,8.865968442,91.38419985,1.487992655,2021-05-19 00:00:00,4,865,20968.01537,1
1,,8.492713258,34.82641436,4.819382612,,4,,,1
10,4746,10.07758073,26.31753298,3.273352187,2023-01-28 00:00:00,3,246,47828.19813,1
3,,5.137612745,39.16081359,3.005952994,,2,,,1
10,1857,8.778517807,125.3493934,2.370987966,2022-10-09 00:00:00,0,357,16301.70757,1
3,4552,11.92540885,34.16043201,2.4302495,2023-08-10 00:00:00,0,52,54284.46107,1
12,2170,8.582716598,66.62454681,,2021-11-30 00:00:00,3,670,18624.49502,1
8,2949,11.02531966,99.6350013,3.633934132,2019-10-13 00:00:00,3,1449,32513.66768,1
9,3351,8.917704428,88.45568751,3.659657433,2022-10-15 00:00:00,2,351,29883.22754,1
14,3830,9.875439227,61.71565512,1.272622585,2021-06-23 00:00:00,2,830,37822.93224,1
11,2589,2.919204278,25.09127274,2.750507384,2020-10-07 00:00:00,4,1089,7557.819875,1
12,1731,3.948307763,,2.353811428,2023-02-12 00:00:00,1,231,6834.520738,1
1,2916,10.63283451,67.91828065,4.417371348,2019-11-15 00:00:00,2,1416,31005.34544,1
14,1115,9.9288686,29.19463976,3.341385145,2020-09-11 00:00:00,3,1115,11070.68849,1
11,1448,8.118400391,27.50858279,,2019-10-14 00:00:00,2,1448,11755.44377,1
2,4711,6.231780192,92.77014555,1.01927589,2023-03-04 00:00:00,0,211,29357.91648,1
10,3187,,73.53602104,,2023-03-28 00:00:00,1,187,,0
2,2939,1.477155832,86.34294395,,2019-10-23 00:00:00,4,1439,4341.360989,1
4,435,,90.31831202,2.01742959,2022-07-23 00:00:00,0,435,,0
2,,8.975743857,65.74178816,1.142788842,,0,,,1
7,995,6.889418593,61.39570814,3.614331412,2021-01-09 00:00:00,1,995,6854.9715,1
13,3646,8.614695204,,1.428134512,2021-12-24 00:00:00,4,646,31409.17872,1
9,951,1.903089624,45.35572702,2.263367179,2021-02-22 00:00:00,3,951,1809.838232,0
7,1787,7.122301246,54.76767687,4.530536499,2022-12-18 00:00:00,4,287,12727.55233,0
12,2031,,,1.419423725,2022-04-18 00:00:00,2,531,,1
6,3846,8.563589089,68.15387448,2.785122788,2021-06-07 00:00:00,0,846,32935.56364,1
10,2527,7.845166491,91.4018632,2.386722475,2020-12-08 00:00:00,2,1027,19824.73572,1
1,1668,,,0.581558185,2023-04-16 00:00:00,3,168,,0
11,4100,5.114383526,68.5671663,4.067411511,2020-09-26 00:00:00,2,1100,20968.97246,1
10,2838,3.203137854,70.50460425,0.810706578,2020-02-01 00:00:00,4,1338,9090.505231,1
9,3598,7.782085509,67.33577298,2.634147594,2022-02-10 00:00:00,2,598,27999.94366,1
5,4013,4.81030882,76.21070185,3.023052327,2020-12-22 00:00:00,3,1013,19303.76929,1
11,1166,10.4439375,38.99467747,3.327919055,2020-07-22 00:00:00,3,1166,12177.63113,1
5,4480,4.266636011,60.9891022,,2019-09-12 00:00:00,3,1480,19114.52933,1
6,2544,10.28950258,28.33798422,1.639725726,2020-11-21 00:00:00,4,1044,26176.49457,1
9,4207,12.63300038,50.76090621,,2020-06-11 00:00:00,3,1207,53147.03258,1
13,3473,8.619248592,59.01336549,,2022-06-15 00:00:00,0,473,29934.65036,1
8,4069,2.60873566,72.17794076,2.910454697,2020-10-27 00:00:00,3,1069,10614.9454,1
8,2646,7.274249176,96.04248421,4.262529664,2020-08-11 00:00:00,2,1146,19247.66332,1
14,853,2.609899111,68.05208532,4.196247633,2021-05-31 00:00:00,2,853,2226.243942,0
8,2182,4.829229307,79.48751329,4.294967755,2021-11-18 00:00:00,2,682,10537.37835,0
1,2874,11.45435422,60.50128476,2.68292597,2019-12-27 00:00:00,4,1374,32919.81403,1
1,2996,3.228694154,70.72832251,2.001327781,2019-08-27 00:00:00,2,1496,9673.167686,1
8,4285,8.335537428,25.67457729,4.062011912,2020-03-25 00:00:00,4,1285,35717.77788,1
5,875,9.344523685,40.35132647,2.530823509,2021-05-09 00:00:00,4,875,8176.458224,1
9,1725,8.185978334,48.94824746,1.325489884,2023-02-18 00:00:00,3,225,14120.81263,0
2,3169,10.08390126,57.7994684,4.347383088,2023-04-15 00:00:00,0,169,31955.88309,1
9,517,4.411651203,23.65189964,4.471519445,2022-05-02 00:00:00,3,517,2280.823672,1
12,214,5.810029616,31.2019278,2.598393903,2023-03-01 00:00:00,3,214,1243.346338,1
14,716,7.343370147,42.14514462,0.840648773,2021-10-15 00:00:00,4,716,5257.853025,1
8,4074,2.762944906,97.72261527,2.245217405,2020-10-22 00:00:00,4,1074,11256.23755,1
9,3367,,46.50776057,4.115919468,2022-09-29 00:00:00,2,367,,1
4,2775,3.690361374,58.56328465,4.557983128,2020-04-04 00:00:00,2,1275,10240.75281,1
1,1616,1.766688006,35.68781702,1.415627341,2023-06-07 00:00:00,3,116,2854.967818,0
1,9738,7.326522919,68.86240569,0.801381254,2021-09-23 00:00:00,1,738,71345.68018,1
5,512,,42.45465724,4.448077039,2022-05-07 00:00:00,1,512,,0
2,828,5.768200165,36.55940628,2.252322225,2021-06-25 00:00:00,2,828,4776.069737,0
14,3448,10.39069308,61.32581028,2.937924339,2022-07-10 00:00:00,1,448,35827.10974,1
8,2908,11.229835,20.44046393,4.856296154,2019-11-23 00:00:00,2,1408,32656.36019,1
10,775,4.055548754,20.61312261,0.799541276,2021-08-17 00:00:00,4,775,3143.050285,0
11,3565,4.303256102,37.52550473,3.417431034,2022-03-15 00:00:00,3,565,15341.108,1
5,7812,5.781524362,22.937709,0.833474402,2022-11-23 00:00:00,0,312,45165.26831,1
5,3067,9.3403034,28.64206033,2.189610178,2023-07-26 00:00:00,3,67,28646.71053,1
2,2886,,47.10885195,4.117165453,2019-12-15 00:00:00,2,1386,,1
7,,0.635418053,84.20685437,2.450625047,,2,,,0
13,4179,10.19209477,65.76389147,4.987320593,2020-07-09 00:00:00,3,1179,42592.76403,1
8,1671,2.024474219,61.01341808,3.015766782,2023-04-13 00:00:00,2,171,3382.896419,1
10,2243,8.109859943,43.47910586,1.945229687,2021-09-18 00:00:00,1,743,18190.41585,1
13,1787,10.97355967,94.54029755,1.490500967,2022-12-18 00:00:00,1,287,19609.75114,1
1,4232,10.31589563,51.7612033,2.077342404,2020-05-17 00:00:00,2,1232,43656.87029,1
2,3951,8.922781474,26.96742134,2.176399732,2021-02-22 00:00:00,2,951,35253.9096,1
10,3540,9.298035257,69.36532129,0.80921155,2022-04-09 00:00:00,1,540,32915.04481,1
4,3866,4.667548572,29.10707148,2.163083897,2021-05-18 00:00:00,2,866,18044.74278,1
5,7278,12.89257037,47.61785142,2.589073339,2020-04-01 00:00:00,2,1278,93832.12713,1
13,9042,3.978434362,60.5929551,3.752319885,2023-08-20 00:00:00,3,42,35973.0035,1
2,4052,9.727672778,89.93780197,3.455282681,2020-11-13 00:00:00,0,1052,39416.5301,1
1,,9.087166652,59.48372643,3.689445449,,1,,,1
9,,,76.18070128,,,3,,,1
14,1465,,99.42534712,1.479503298,2019-09-27 00:00:00,0,1465,,1
1,4592,7.109379177,45.77869439,3.477579298,2023-07-01 00:00:00,2,92,32646.26918,1
13,798,,41.97852204,2.677952157,2021-07-25 00:00:00,2,798,,0
4,495,7.84967687,51.56608605,0.523910641,2022-05-24 00:00:00,3,495,3885.590051,0
2,,4.899402341,53.74625428,4.120225891,,2,,,1
11,4460,3.879381556,52.88168602,,2019-10-02 00:00:00,4,1460,17302.04174,1
4,2602,5.007052024,138.9133203,2.967886233,2020-09-24 00:00:00,3,1102,13028.34937,1
8,5757,3.310524184,,0.799084966,2020-04-22 00:00:00,0,1257,19058.68773,1
8,817,9.639083038,68.63241713,3.949317723,2021-07-06 00:00:00,3,817,7875.130842,0
11,2882,,44.74981743,3.126711145,2019-12-19 00:00:00,1,1382,,1
12,3677,14.6048556,85.90323074,4.018819897,2021-11-23 00:00:00,3,677,53702.05403,1
9,243,4.367201127,144.6072614,3.882861466,2023-01-31 00:00:00,2,243,1061.229874,0
13,,2.12055229,85.6958626,4.113509324,,2,,,1
11,4591,12.70531893,30.18781262,2.831036299,2023-07-02 00:00:00,4,91,58330.11922,1
12,3038,,70.91210961,1.131460332,2023-08-24 00:00:00,4,38,,1
5,3736,8.965240839,24.09083052,3.52020863,2021-09-25 00:00:00,4,736,33494.13978,1
7,3322,5.772464745,40.60857763,3.292132033,2022-11-13 00:00:00,0,322,19176.12788,1
3,1267,10.02674707,37.14296404,3.840139342,2020-04-12 00:00:00,4,1267,12703.88854,1
10,,4.275597234,,1.264464527,,0,,,1
4,1162,13.82316133,74.92719308,,2020-07-26 00:00:00,4,1162,16062.51347,1
10,2256,9.94005985,29.15901105,4.506842827,2021-09-05 00:00:00,0,756,22424.77502,1
9,,8.511709706,50.70711064,3.874900093,,3,,,0
10,3394,5.990791607,56.49892072,4.587028199,2022-09-02 00:00:00,3,394,20332.74671,1
10,4829,9.415768748,,,2022-11-06 00:00:00,2,329,45468.74728,1
14,3768,3.472177795,29.68200004,3.187198877,2021-08-24 00:00:00,0,768,13083.16593,1
12,832,,53.51582321,3.443597317,2021-06-21 00:00:00,1,832,,1
1,4430,,80.09424382,4.501075658,2019-11-01 00:00:00,2,1430,,1
2,4946,,25.68061316,3.104630395,2022-07-12 00:00:00,3,446,,1
5,1053,12.05795817,26.41440113,3.345760959,2020-11-12 00:00:00,0,1053,12697.02995,1
3,2639,12.16720767,48.38170335,1.204145222,2020-08-18 00:00:00,4,1139,32109.26104,1
2,3424,10.98683015,95.33805693,2.632645491,2022-08-03 00:00:00,1,424,37618.90644,1
1,,6.721150824,73.48581174,3.723787004,,3,,,0
10,1642,7.745989043,74.29359653,1.719242142,2023-05-12 00:00:00,2,142,12718.91401,1
3,1291,4.232752559,,1.410143812,2020-03-19 00:00:00,0,1291,5464.483554,1
1,3093,12.12297474,67.4928633,,2023-06-30 00:00:00,1,93,37496.36088,1
12,2781,1.836637469,20.81049472,1.586752826,2020-03-29 00:00:00,0,1281,5107.688801,1
1,1317,9.193503996,70.88768371,1.467106867,2020-02-22 00:00:00,4,1317,12107.84476,1
12,1640,9.604264509,,2.411828793,2023-05-14 00:00:00,2,140,15750.9938,1
1,3336,,69.00587747,4.585273312,2022-10-30 00:00:00,0,336,,1
8,2486,10.0364202,89.89588748,2.78176841,2021-01-18 00:00:00,3,986,24950.54063,1
3,3819,6.922965354,116.8767667,1.345641714,2021-07-04 00:00:00,2,819,26438.80469,1
11,1488,11.03591854,29.64467331,0.846372512,2019-09-04 00:00:00,3,1488,16421.44679,1
1,5868,,92.19626458,3.632702653,2020-01-02 00:00:00,0,1368,,1
7,1465,7.58179839,,,2019-09-27 00:00:00,2,1465,11107.33464,1
10,599,4.93051477,62.7173978,4.19823926,2022-02-09 00:00:00,3,599,2953.378347,0
3,5340,10.00734115,31.3709699,3.467798459,2021-06-13 00:00:00,4,840,53439.20175,1
8,610,10.10506946,,4.083086527,2022-01-29 00:00:00,4,610,6164.092369,0
4,4412,3.131897357,53.76274081,1.723757177,2019-11-19 00:00:00,0,1412,13817.93114,1
4,1424,,43.60325661,,2019-11-07 00:00:00,2,1424,,1
5,1255,,,1.688278931,2020-04-24 00:00:00,1,1255,,1
6,1927,9.692119417,66.17599094,4.725808158,2022-07-31 00:00:00,2,427,18676.71412,1
7,3241,4.950446195,23.49912578,3.363684267,2023-02-02 00:00:00,4,241,16044.39612,1
14,3586,12.15489925,29.84026361,1.960303101,2022-02-22 00:00:00,3,586,43587.46873,1
14,1910,14.04165341,64.69139172,1.71280338,2022-08-17 00:00:00,1,410,26819.558,1
4,3023,5.518515303,47.45338825,1.359169633,2023-09-08 00:00:00,0,23,16682.47176,1
8,2314,6.073365698,78.333879,3.625884315,2021-07-09 00:00:00,1,814,14053.76822,1
13,4286,10.95204538,72.18333189,1.484220258,2020-03-24 00:00:00,0,1286,46940.46648,1
6,813,5.977467685,87.64834904,,2021-07-10 00:00:00,1,813,4859.681228,1
14,3702,10.56936157,75.39942613,1.690857621,2021-10-29 00:00:00,0,702,39127.77653,1
1,,9.732748114,54.39448619,,,0,,,1
1,10866,2.879449188,73.83732979,4.167228778,2022-09-30 00:00:00,1,366,31288.09487,1
9,4368,10.88670086,,4.001113594,2020-01-02 00:00:00,1,1368,47553.10934,1
10,4848,7.232254988,44.5050799,3.923830989,2022-10-18 00:00:00,0,348,35061.97218,1
6,4949,7.173954575,83.11881279,1.344750826,2022-07-09 00:00:00,4,449,35503.90119,1
10,1343,4.645229647,55.71356131,0.897732261,2020-01-27 00:00:00,1,1343,6238.543415,1
8,,8.894450958,83.87042724,3.645269728,,2,,,1
13,3543,5.414828299,85.79378989,2.157562462,2022-04-06 00:00:00,3,543,19184.73666,1
7,,7.135008347,88.60498701,2.445558019,,0,,,1
12,994,10.86636747,93.33081887,0.640170918,2021-01-10 00:00:00,0,994,10801.16926,1
6,,6.239374049,54.47881764,1.668094022,,3,,,1
4,2058,7.851855676,45.50934547,0.651543817,2022-03-22 00:00:00,4,558,16159.11898,0
7,3172,4.127912457,66.57589973,4.456335977,2023-04-12 00:00:00,3,172,13093.73831,0
9,2096,,49.69379388,1.595285074,2022-02-12 00:00:00,1,596,,1
14,4385,,68.08593334,3.008017263,2019-12-16 00:00:00,3,1385,,1
11,604,12.10590769,76.44686901,0.675406943,2022-02-04 00:00:00,0,604,7311.968244,0
10,1314,7.19485438,75.07240148,3.500813261,2020-02-25 00:00:00,3,1314,9454.038655,1
10,1631,3.874242486,49.96423096,1.953623056,2023-05-23 00:00:00,2,131,6318.889494,1
14,3540,3.208057549,33.34881614,4.540636341,2022-04-09 00:00:00,1,540,11356.52372,0
7,923,,54.44234708,4.49653185,2021-03-22 00:00:00,3,923,,1
1,1028,9.976893634,31.40753153,1.963807783,2020-12-07 00:00:00,0,1028,10256.24666,1
10,233,7.371835033,91.20776281,4.554324031,2023-02-10 00:00:00,1,233,1717.637563,1
9,2205,11.62869896,47.67019686,4.982709531,2021-10-26 00:00:00,0,705,25641.28121,1
13,3727,6.999847095,32.35677978,4.214370489,2021-10-04 00:00:00,4,727,26088.43012,1
4,4880,6.447988407,22.03582079,,2022-09-16 00:00:00,2,380,31466.18343,1
3,1952,8.645236064,71.6657909,1.620539312,2022-07-06 00:00:00,4,452,16875.5008,0
4,4275,8.56764171,70.9521854,3.095160795,2020-04-04 00:00:00,2,1275,36626.66831,1
4,3033,2.472290255,47.24833333,0.802651613,2023-08-29 00:00:00,3,33,7498.456343,0
13,3384,4.914120107,25.73695111,0.927130716,2022-09-12 00:00:00,1,384,16629.38244,1
10,4398,5.013842994,,4.995016754,2019-12-03 00:00:00,3,1398,22050.88149,1
11,,8.132112918,,1.969876622,,2,,,0
2,,7.538135501,74.16965118,3.866827604,,2,,,0
14,3612,6.914338925,68.46233996,4.129992739,2022-01-27 00:00:00,2,612,24974.5922,1
12,1356,12.47620123,49.16749826,4.36110472,2020-01-14 00:00:00,0,1356,16917.72887,1
14,,,37.43140434,,,1,,,0
1,3586,7.123108267,99.04287729,1.586734184,2022-02-22 00:00:00,3,586,25543.46625,1
12,3684,11.78254426,84.48019454,0.681578721,2021-11-16 00:00:00,3,684,43406.89306,1
10,1496,4.73648601,75.06193886,2.350361831,2019-08-27 00:00:00,4,1496,7085.783071,1
12,3737,1.420298016,31.24423741,1.085363014,2021-09-24 00:00:00,2,737,5307.653687,0
1,3430,,58.84717597,0.600916501,2022-07-28 00:00:00,2,430,,0
13,2803,3.785933462,22.20293759,2.121920722,2020-03-07 00:00:00,2,1303,10611.97149,1
14,570,7.637313276,60.43640943,4.02682213,2022-03-10 00:00:00,3,570,4353.268567,0
8,1453,14.22094288,97.12139257,3.047813111,2019-10-09 00:00:00,4,1453,20663.03001,1
14,2883,3.78609246,50.73653704,1.907500951,2019-12-18 00:00:00,0,1383,10915.30456,1
2,2931,1.27146745,23.11968101,3.444539025,2019-10-31 00:00:00,1,1431,3726.671096,1
12,457,6.927084182,22.47646327,1.544081811,2022-07-01 00:00:00,0,457,3165.677471,0
10,3119,11.41098985,51.0389408,0.564716507,2023-06-04 00:00:00,3,119,35590.87734,1
5,767,3.69513035,49.20299238,3.939590239,2021-08-25 00:00:00,2,767,2834.164978,1
12,4568,9.688392266,21.86816771,3.306843882,2023-07-25 00:00:00,1,68,44256.57587,1
4,1245,4.440785086,80.49708912,3.93036181,2020-05-04 00:00:00,3,1245,5528.777432,1
8,,2.633861552,,0.675221075,,3,,,0
2,3819,11.14620502,43.13958176,4.267038325,2021-07-04 00:00:00,3,819,42567.35699,1
10,2845,9.811277231,92.00665464,3.2878679,2020-01-25 00:00:00,1,1345,27913.08372,1
9,,1.532987067,29.29111682,,,1,,,1
7,2879,,96.47350632,3.310763217,2019-12-22 00:00:00,4,1379,,1
13,4236,,45.11733739,4.389949611,2020-05-13 00:00:00,4,1236,,1
7,4935,13.52546026,91.07229378,3.14121428,2022-07-23 00:00:00,0,435,66748.1464,1
1,3875,4.827799403,68.23543012,3.114276709,2021-05-09 00:00:00,1,875,18707.72269,1
14,2608,8.11311108,86.13658878,4.958056207,2020-09-18 00:00:00,1,1108,21158.9937,1
12,2879,9.180013005,98.72105306,3.905285752,2019-12-22 00:00:00,1,1379,26429.25744,1
2,,9.072347138,43.07243503,2.490322125,,4,,,0
4,3056,1.41132615,96.89083883,3.6832865,2023-08-06 00:00:00,3,56,4313.012716,0
4,1681,1.513743398,51.15855159,2.251537123,2023-04-03 00:00:00,2,181,2544.602652,1
11,3424,4.698144294,50.84095238,1.529939581,2022-08-03 00:00:00,4,424,16086.44606,1
14,4585,,47.23096834,3.185833446,2023-07-08 00:00:00,1,85,,1
3,355,6.57740093,63.31260859,4.676819442,2022-10-11 00:00:00,4,355,2334.97733,1
7,4904,11.48017686,32.33160345,4.68112784,2022-08-23 00:00:00,0,404,56298.78732,1
12,1938,13.82791275,64.29691883,2.038573751,2022-07-20 00:00:00,1,438,26798.49491,1
8,2044,2.697245828,63.33638499,2.874548598,2022-04-05 00:00:00,0,544,5513.170473,0
2,109,11.25540329,80.95214501,1.452361544,2023-06-14 00:00:00,1,109,1226.838959,1
4,2971,9.345924723,86.69199696,4.980339993,2019-09-21 00:00:00,4,1471,27766.74235,1
14,897,10.43177911,55.23530802,4.915030585,2021-04-17 00:00:00,3,897,9357.305857,0
3,3345,3.074277724,44.18665995,3.422790184,2022-10-21 00:00:00,2,345,10283.45899,0
2,1924,9.660840986,40.74679179,,2022-08-03 00:00:00,0,424,18587.45806,1
12,4569,9.316913859,,3.717950726,2023-07-24 00:00:00,4,69,42568.97942,1
13,3236,9.609263302,,3.169211986,2023-02-07 00:00:00,3,236,31095.57604,1
14,2293,11.56163614,47.39583831,0.740065986,2021-07-30 00:00:00,4,793,26510.83167,1
6,323,9.600450802,41.61981537,2.546439541,2022-11-12 00:00:00,0,323,3100.945609,1
13,4258,6.991741671,97.31339087,3.53653836,2020-04-21 00:00:00,2,1258,29770.83603,1
4,4025,10.72775108,64.6167061,3.548892262,2020-12-10 00:00:00,4,1025,43179.19809,1
6,4884,9.861279033,,2.179051783,2022-09-12 00:00:00,1,384,48162.4868,1
2,4100,3.608872091,66.43740808,4.73761394,2020-09-26 00:00:00,3,1100,14796.37557,1
12,1733,11.2834245,,1.253106645,2023-02-10 00:00:00,4,233,19554.17466,1
4,2252,10.6161225,55.52349994,2.751617508,2021-09-09 00:00:00,3,752,23907.50786,1
11,610,,70.09874571,3.608977894,2022-01-29 00:00:00,1,610,,1
6,484,6.787543177,59.11182654,3.637111127,2022-06-04 00:00:00,2,484,3285.170897,1
14,504,8.483102762,52.14230405,3.418875305,2022-05-15 00:00:00,2,504,4275.483792,0
5,4713,4.806447457,99.50787111,,2023-03-02 00:00:00,1,213,22652.78686,1
3,4671,11.07652406,90.42518097,1.202929559,2023-04-13 00:00:00,3,171,51738.44389,1
8,2100,1.528707532,69.87247665,3.361731471,2022-02-08 00:00:00,4,600,3210.285818,1
7,2856,10.186895,65.55018889,3.196859523,2020-01-14 00:00:00,1,1356,29093.77213,1
3,1768,10.69662383,69.65283839,1.307102046,2023-01-06 00:00:00,0,268,18911.63093,1
6,1560,2.429054662,36.10496863,3.673126155,2023-08-02 00:00:00,3,60,3789.325273,0
4,3736,11.82952057,51.61101946,2.548273963,2021-09-25 00:00:00,2,736,44195.08887,1
11,2824,4.862869183,23.15676263,3.504922662,2020-02-15 00:00:00,1,1324,13732.74257,1
5,4909,13.32094167,58.043683,,2022-08-18 00:00:00,2,409,65392.50267,1
11,4278,7.837195681,63.44196672,1.263777929,2020-04-01 00:00:00,3,1278,33527.52312,1
5,,10.13920533,38.21997889,0.586151906,,2,,,1
7,4246,11.80363871,97.12230777,,2020-05-03 00:00:00,1,1246,50118.24996,1
11,4880,10.36997388,92.75636887,3.243638413,2022-09-16 00:00:00,3,380,50605.47254,1
5,2448,7.562824566,77.77145884,,2021-02-25 00:00:00,0,948,18513.79454,1
11,4644,,62.6709303,4.271697387,2023-05-10 00:00:00,1,144,,1
3,4683,10.46980167,89.59753277,4.112649207,2023-04-01 00:00:00,4,183,49030.08121,1
10,1923,10.88405813,30.45218751,4.824140661,2022-08-04 00:00:00,1,423,20930.04378,1
5,2181,9.123978619,83.24078354,,2021-11-19 00:00:00,3,681,19899.39737,1
7,10557,,29.98566512,2.698230347,2023-08-05 00:00:00,1,57,,0
5,1674,7.805276809,83.536853,2.3084924,2023-04-10 00:00:00,0,174,13066.03338,1
5,349,12.70882941,42.06140546,,2022-10-17 00:00:00,0,349,4435.381464,1
9,,1.855723137,,3.076732548,,4,,,1
3,4633,8.301710828,95.52336751,1.746556359,2023-05-21 00:00:00,2,133,38461.82627,1
13,2265,1.326232602,,4.645883805,2021-08-27 00:00:00,3,765,3003.916844,1
6,870,7.252719548,57.01404841,3.124358619,2021-05-14 00:00:00,3,870,6309.866007,1
1,4062,4.015801878,98.47899025,3.167780812,2020-11-03 00:00:00,2,1062,16312.18723,1
10,4463,7.406505867,58.67259488,2.097160974,2019-09-29 00:00:00,0,1463,33055.23568,1
5,2084,7.829402135,89.0838018,0.733952084,2022-02-24 00:00:00,0,584,16316.47405,0
8,1177,6.867508105,67.09852177,0.642846944,2020-07-11 00:00:00,1,1177,8083.057039,1
5,335,8.665399162,50.02639263,2.405008149,2022-10-31 00:00:00,4,335,2902.908719,1
9,488,6.150844619,42.86268444,0.880544201,2022-05-31 00:00:00,4,488,3001.612174,1
11,3137,7.497232355,36.25784729,3.2308113,2023-05-17 00:00:00,4,137,23518.8179,1
6,4958,4.861922834,,4.464378525,2022-06-30 00:00:00,1,458,24105.41341,1
8,5844,5.185687197,50.92324055,4.473116674,2020-01-26 00:00:00,4,1344,30305.15598,1
10,4819,,60.90203698,3.465704346,2022-11-16 00:00:00,2,319,,1
8,8742,11.26971783,,1.450543242,2020-05-07 00:00:00,1,1242,98519.87325,1
13,3474,8.927515749,66.18232234,4.383485741,2022-06-14 00:00:00,2,474,31014.18971,1
3,,7.164768253,89.24617165,4.487420459,,1,,,1
7,,4.909622898,98.45914749,1.384941132,,4,,,0
14,4081,,52.60673669,3.818417386,2020-10-15 00:00:00,2,1081,,1
7,4773,5.893742008,86.20151377,1.78933797,2023-01-01 00:00:00,2,273,28130.8306,1
14,2222,9.140269783,81.16222357,4.111881406,2021-10-09 00:00:00,2,722,20309.67946,1
10,4630,3.635880102,65.88231612,4.98757055,2023-05-24 00:00:00,1,130,16834.12487,1
12,2250,8.380655519,96.48377149,0.635117024,2021-09-11 00:00:00,3,750,18856.47492,1
6,4959,4.262443327,36.03796124,4.538146396,2022-06-29 00:00:00,4,459,21137.45646,1
12,,5.191591558,28.74113682,3.301837401,,2,,,0
7,1458,10.18751671,88.31695736,4.880221786,2019-10-04 00:00:00,3,1458,14853.39937,1
14,2582,7.312295966,55.13198533,2.592542829,2020-10-14 00:00:00,4,1082,18880.34818,1
2,4642,8.410565878,87.75750834,4.313245688,2023-05-12 00:00:00,4,142,39041.8468,1
9,2117,11.95209205,91.44721642,0.780773309,2022-01-22 00:00:00,2,617,25302.57887,1
10,,10.73897351,24.99660749,2.008755725,,2,,,1
10,4444,8.148610009,90.67718104,0.80157442,2019-10-18 00:00:00,1,1444,36212.42288,1
1,,14.01538754,55.86552443,4.889044101,,3,,,1
1,1458,,,4.176382583,2019-10-04 00:00:00,3,1458,,1
3,4737,6.434761195,70.12740089,4.336463396,2023-02-06 00:00:00,2,237,30481.46378,1
14,4954,0.328229883,94.11060854,4.720843541,2022-07-04 00:00:00,4,454,1626.050841,0
3,3277,9.803993965,21.52928755,0.882965688,2022-12-28 00:00:00,2,277,32127.68822,1
1,2228,9.338702388,58.14747747,2.235189166,2021-10-03 00:00:00,4,728,20806.62892,1
12,2280,5.965887896,75.01776339,0.819657001,2021-08-12 00:00:00,4,780,13602.2244,1
7,4992,9.440202055,77.81655662,1.448568957,2022-05-27 00:00:00,2,492,47125.48866,1
4,237,4.814962541,113.1038918,1.532145997,2023-02-06 00:00:00,0,237,1141.146122,1
10,3572,11.67408002,30.75481035,2.61098245,2022-03-08 00:00:00,3,572,41699.81384,1
13,2932,,,1.708529754,2019-10-30 00:00:00,4,1432,,1
2,3679,4.54830551,48.69724203,,2021-11-21 00:00:00,4,679,16733.21597,1
10,,7.305168379,84.35497661,1.253709901,,0,,,1
5,4264,3.522509972,,1.162740036,2020-04-15 00:00:00,1,1264,15019.98252,1
6,8079,2.927090889,36.85639711,4.878845591,2022-03-01 00:00:00,0,579,23647.96729,1
9,4400,5.162890948,96.59584152,3.916816281,2019-12-01 00:00:00,0,1400,22716.72017,1
4,3918,8.458405132,20.70906281,4.854926594,2021-03-27 00:00:00,4,918,33140.03131,1
2,,5.862461258,99.82566845,2.478832189,,3,,,0
5,3923,4.449724733,74.14570391,1.752658167,2021-03-22 00:00:00,0,923,17456.27013,1
3,4142,9.255629319,,4.092319387,2020-08-15 00:00:00,1,1142,38336.81664,1
2,2006,9.811059785,43.56955171,1.968142631,2022-05-13 00:00:00,2,506,19680.98593,1
12,860,3.071176549,21.14522221,1.847225182,2021-05-24 00:00:00,0,860,2641.211832,0
1,3545,8.977647395,79.02956148,1.546276965,2022-04-04 00:00:00,0,545,31825.76001,1
10,2997,5.654704375,86.73156776,1.083555402,2019-08-26 00:00:00,1,1497,16947.14901,1
2,4555,3.107620931,79.23809056,1.654083775,2023-08-07 00:00:00,3,55,14155.21334,1
6,3047,7.422871419,31.42802298,2.098938868,2023-08-15 00:00:00,0,47,22617.48922,1
8,1819,,80.27423378,3.532973937,2022-11-16 00:00:00,0,319,,1
13,380,,81.51382257,0.78154179,2022-09-16 00:00:00,3,380,,1
3,3366,8.646297441,72.68324125,1.447281228,2022-09-30 00:00:00,1,366,29103.43719,1
11,1987,3.520559407,81.28927462,4.140606381,2022-06-01 00:00:00,0,487,6995.351541,0
9,3366,9.536842919,87.67371517,1.161148656,2022-09-30 00:00:00,3,366,32101.01327,1
12,766,3.407554329,69.08832914,2.041903159,2021-08-26 00:00:00,0,766,2610.186616,0
9,4288,13.46674792,27.08837712,4.390965148,2020-03-22 00:00:00,2,1288,57745.41508,1
2,771,8.582690407,59.01022477,1.1971639,2021-08-21 00:00:00,4,771,6617.254304,1
8,,10.75666652,26.21194677,0.87231576,,2,,,1
10,4256,9.831476865,52.60344248,2.680420978,2020-04-23 00:00:00,0,1256,41842.76554,1
11,3222,1.094842219,52.56851913,1.860887801,2023-02-21 00:00:00,1,222,3527.581631,0
12,4799,9.308908789,25.28078753,3.03533764,2022-12-06 00:00:00,4,299,44673.45328,1
5,4877,11.76074868,47.90564272,4.117122007,2022-09-19 00:00:00,2,377,57357.17133,1
4,4000,8.127578766,28.8798479,1.117168197,2021-01-04 00:00:00,3,1000,32510.31506,1
10,623,9.454693951,84.6588168,3.11314588,2022-01-16 00:00:00,1,623,5890.274331,0
5,2493,10.70346292,95.81504208,2.774789422,2021-01-11 00:00:00,2,993,26683.73305,1
4,3217,2.8215515,,1.148354537,2023-02-26 00:00:00,3,217,9076.931174,1
8,2693,3.378443248,96.40921658,3.307993185,2020-06-25 00:00:00,0,1193,9098.147667,1
4,2068,7.469635427,61.80612795,1.73138188,2022-03-12 00:00:00,3,568,15447.20606,0
13,1853,7.713624035,43.96525424,2.695254433,2022-10-13 00:00:00,2,353,14293.34534,1
10,2396,8.641365165,26.14896602,0.870225459,2021-04-18 00:00:00,2,896,20704.71093,1
12,2361,12.25619277,60.04994145,2.568128257,2021-05-23 00:00:00,0,861,28936.87114,1
13,2386,4.641263342,83.56124356,,2021-04-28 00:00:00,3,886,11074.05433,0
14,4302,2.778013119,76.56691818,4.20071545,2020-03-08 00:00:00,3,1302,11951.01244,1
6,2978,9.309285958,24.01808092,0.756404271,2019-09-14 00:00:00,0,1478,27723.05358,1
2,4243,,25.83214683,2.383732737,2020-05-06 00:00:00,3,1243,,1
5,3744,10.98630506,52.22986261,2.562941409,2021-09-17 00:00:00,0,744,41132.72616,1
6,,6.024264554,43.62323952,3.762527343,,1,,,1
5,,11.5054677,38.59074584,3.084294088,,2,,,1
12,4820,5.773101135,42.48035991,3.502455517,2022-11-15 00:00:00,1,320,27826.34747,1
2,1376,8.457169592,84.27861946,3.996721785,2019-12-25 00:00:00,4,1376,11637.06536,1
14,2866,,,4.379913381,2020-01-04 00:00:00,4,1366,,1
7,402,5.932427336,52.40821556,1.912439735,2022-08-25 00:00:00,4,402,2384.835789,0
4,738,4.419200001,92.48888017,2.921102174,2021-09-23 00:00:00,0,738,3261.369601,1
8,155,11.08523331,45.7196561,4.280486353,2023-04-29 00:00:00,3,155,1718.211163,1
7,4921,9.712686902,58.11495891,4.952530089,2022-08-06 00:00:00,1,421,47796.13225,1
7,625,2.473256777,38.08231983,4.5028369,2022-01-14 00:00:00,1,625,1545.785485,0
9,4669,1.736740235,71.23808337,2.171602682,2023-04-15 00:00:00,1,169,8108.840156,1
1,4223,2.445626296,98.31848921,1.378249327,2020-05-26 00:00:00,1,1223,10327.87985,1
10,2225,8.951572108,,2.702266418,2021-10-06 00:00:00,4,725,19917.24794,1
6,3387,7.975365971,72.93769009,3.837386533,2022-09-09 00:00:00,1,387,27012.56455,1
6,464,7.666842962,71.82539568,2.716560818,2022-06-24 00:00:00,3,464,3557.415135,0
6,4721,4.670645759,29.83365428,2.674313885,2023-02-22 00:00:00,4,221,22050.11863,1
13,1746,7.756243267,91.09272642,,2023-01-28 00:00:00,1,246,13542.40074,1
12,1018,6.470972842,60.24671606,2.126317006,2020-12-17 00:00:00,0,1018,6587.450353,1
6,2897,8.812420924,55.94797936,,2019-12-04 00:00:00,2,1397,25529.58342,1
12,1631,13.32099171,66.86918308,2.330621604,2023-05-23 00:00:00,2,131,21726.53748,1
10,3445,5.072701573,,1.977048976,2022-07-13 00:00:00,2,445,17475.45692,1
7,2006,10.62378747,25.7420645,2.5429546,2022-05-13 00:00:00,4,506,21311.31766,1
14,3186,6.39614676,,3.931011314,2023-03-29 00:00:00,1,186,20378.12358,1
10,4680,5.338997072,39.35453443,1.067009125,2023-04-04 00:00:00,4,180,24986.5063,1
6,2175,9.859122178,77.1162106,1.383886471,2021-11-25 00:00:00,3,675,21443.59074,1
1,,,85.80278355,4.781501715,,0,,,1
3,1162,12.85518834,84.3166806,1.289712323,2020-07-26 00:00:00,0,1162,14937.72886,1
2,2076,1.339178621,64.20007739,,2022-03-04 00:00:00,2,576,2780.134816,0
6,1396,1.339651018,61.61359138,3.1069151,2019-12-05 00:00:00,2,1396,1870.152821,1
8,225,12.20770534,31.43007691,2.703310079,2023-02-18 00:00:00,2,225,2746.733701,1
3,4732,6.143600966,82.02769203,3.401353619,2023-02-11 00:00:00,1,232,29071.51977,1
10,3696,2.971832466,41.71275044,1.534220266,2021-11-04 00:00:00,3,696,10983.89279,1
8,3383,2.559315037,59.73563383,2.986980205,2022-09-13 00:00:00,3,383,8658.162769,1
8,1703,5.703168512,42.74192743,2.174779649,2023-03-12 00:00:00,3,203,9712.495976,1
5,166,10.53528452,30.70626904,3.477502668,2023-04-18 00:00:00,3,166,1748.85723,0
8,332,3.968093902,70.36461575,1.135505945,2022-11-03 00:00:00,2,332,1317.407175,0
6,2256,6.404100927,24.34656279,,2021-09-05 00:00:00,0,756,14447.65169,1
5,1269,2.387123219,79.89161873,1.333716599,2020-04-10 00:00:00,2,1269,3029.259365,1
9,2258,,45.40694362,1.753893784,2021-09-03 00:00:00,3,758,,1
14,4306,3.291453515,20.01077544,1.484194101,2020-03-04 00:00:00,2,1306,14172.99884,1
7,1593,7.524652439,60.89033114,1.322770009,2023-06-30 00:00:00,3,93,11986.77134,0
8,4818,4.979758947,23.74815268,4.215699282,2022-11-17 00:00:00,4,318,23992.47861,1
1,4107,12.76894803,42.09356463,1.785684054,2020-09-19 00:00:00,0,1107,52442.06954,1
11,,4.454246977,76.558119,4.672057018,,4,,,0
2,2760,6.262324543,25.01516973,4.864669364,2020-04-19 00:00:00,1,1260,17284.01574,1
8,2839,,87.14707939,3.070672115,2020-01-31 00:00:00,2,1339,,1
12,,8.525075797,20.30559381,1.143505052,,1,,,0
9,3614,10.00730556,39.74590954,2.185467095,2022-01-25 00:00:00,2,614,36166.4023,1
4,2075,7.99283245,79.27232449,,2022-03-05 00:00:00,4,575,16585.12733,1
12,2462,3.904164289,45.30161198,2.153258279,2021-02-11 00:00:00,3,962,9612.05248,0
10,976,11.47763939,42.22708657,0.891577482,2021-01-28 00:00:00,3,976,11202.17604,1
11,,11.78274524,48.8187135,3.005532099,,2,,,0
10,3548,9.849654487,41.63146291,4.303043832,2022-04-01 00:00:00,3,548,34946.57412,1
14,1412,,87.41695217,,2019-11-19 00:00:00,4,1412,,1
9,1560,11.75092647,45.06783341,1.288054131,2023-08-02 00:00:00,3,60,18331.4453,1
4,2809,7.86004277,83.11459774,3.527440765,2020-03-01 00:00:00,4,1309,22078.86014,1
10,2424,3.819195761,91.34977158,,2021-03-21 00:00:00,1,924,9257.730524,1
10,1833,10.13384896,54.70539357,,2022-11-02 00:00:00,4,333,18575.34514,1
10,,12.11798872,139.1931773,4.43332298,,0,,,1
9,2663,3.805612625,50.18544432,1.623510287,2020-07-25 00:00:00,0,1163,10134.34642,1
11,,11.23069267,,,,0,,,1
7,3617,5.721439446,27.14316196,0.502940258,2022-01-22 00:00:00,2,617,20694.44648,1
2,2497,10.10315517,74.96154132,4.418010654,2021-01-07 00:00:00,2,997,25227.57846,1
9,3835,5.667373963,59.50512324,4.066676659,2021-06-18 00:00:00,2,835,21734.37915,1
4,,6.415340185,51.01190444,3.322980208,,4,,,0
8,1260,9.79656474,70.6169503,3.876195938,2020-04-19 00:00:00,2,1260,12343.67157,1
14,4954,4.755640011,,,2022-07-04 00:00:00,1,454,23559.44062,1
7,342,9.952356691,20.34906157,2.562456176,2022-10-24 00:00:00,0,342,3403.705988,1
13,2690,9.777209458,33.3562471,2.080487243,2020-06-28 00:00:00,4,1190,26300.69344,1
7,1163,13.20228143,77.04368405,0.921994368,2020-07-25 00:00:00,0,1163,15354.2533,1
8,4424,2.954174622,73.31083309,2.687587183,2019-11-07 00:00:00,2,1424,13069.26853,1
1,2695,4.575173414,97.28380041,4.643328427,2020-06-23 00:00:00,4,1195,12330.09235,1
5,1019,2.54643704,80.88302322,0.680266036,2020-12-16 00:00:00,3,1019,2594.819344,1
2,105,10.34629596,,,2023-06-18 00:00:00,1,105,1086.361076,0
2,567,12.37016772,76.20324012,1.433934213,2022-03-13 00:00:00,2,567,7013.885096,1
1,4270,6.136335133,65.76626504,1.571659941,2020-04-09 00:00:00,2,1270,26202.15102,1
5,103,,28.42919378,4.587955483,2023-06-20 00:00:00,1,103,,0
2,745,5.280720891,82.54590907,2.606310744,2021-09-16 00:00:00,1,745,3934.137064,0
4,217,10.14630695,71.53193772,2.598347358,2023-02-26 00:00:00,3,217,2201.748609,1
3,,4.952724598,23.85488099,3.922590391,,2,,,1
3,2651,,48.80403727,1.195214918,2020-08-06 00:00:00,2,1151,,1
2,4389,4.974757008,,2.692694093,2019-12-12 00:00:00,0,1389,21834.20851,1
13,946,10.42840192,60.03209166,2.434933464,2021-02-27 00:00:00,4,946,9865.268215,0
6,2862,,54.61833088,3.186098107,2020-01-08 00:00:00,4,1362,,1
2,1241,10.19437002,56.61596841,4.998009665,2020-05-08 00:00:00,0,1241,12651.21319,1
14,1910,1.254024177,36.71061792,3.962520023,2022-08-17 00:00:00,4,410,2395.186178,1
14,823,6.815701598,49.49657367,2.290395664,2021-06-30 00:00:00,1,823,5609.322415,1
8,324,2.869201837,49.58506048,4.223988735,2022-11-11 00:00:00,4,324,929.6213952,0
8,4727,8.397018739,24.18840161,1.268187635,2023-02-16 00:00:00,4,227,39692.70758,1
13,4308,1.235803736,81.40541028,0.637086588,2020-03-02 00:00:00,0,1308,5323.842495,1
14,4754,12.26682033,53.32035455,1.420017676,2023-01-20 00:00:00,3,254,58316.46383,1
12,2148,10.04899386,85.77439095,2.031852003,2021-12-22 00:00:00,4,648,21585.23881,1
5,4849,3.114765451,132.0417601,2.797613409,2022-10-17 00:00:00,4,349,15103.49767,1
10,4515,6.462387476,36.95952438,3.268081132,2023-09-16 00:00:00,3,15,29177.67945,1
7,1673,6.222060227,72.58827857,4.597725727,2023-04-11 00:00:00,0,173,10409.50676,0
4,1928,8.907604285,57.78254433,2.794343043,2022-07-30 00:00:00,3,428,17173.86106,1
1,2017,,90.41253903,,2022-05-02 00:00:00,0,517,,0
11,4334,9.518415818,37.25925433,0.726093544,2020-02-05 00:00:00,1,1334,41252.81416,1
2,2126,8.099300013,74.22505602,0.657101987,2022-01-13 00:00:00,0,626,17219.11183,1
10,,12.00582635,68.62016978,2.980219829,,1,,,0
10,1001,11.62667727,43.62411821,2.47180376,2021-01-03 00:00:00,1,1001,11638.30395,1
4,4885,3.137800878,30.92807229,4.276311777,2022-09-11 00:00:00,0,385,15328.15729,1
1,,10.99965846,72.13118084,1.223058131,,2,,,1
13,109,,79.08779665,0.61237248,2023-06-14 00:00:00,0,109,,1
8,360,11.14006098,45.2501875,2.520674456,2022-10-06 00:00:00,4,360,4010.421952,1
9,1773,5.667806974,71.58660832,,2023-01-01 00:00:00,4,273,10049.02176,0
4,2319,10.18000923,51.61047261,,2021-07-04 00:00:00,2,819,23607.44141,1
10,2160,10.04907005,77.05655066,3.760692291,2021-12-10 00:00:00,1,660,21705.9913,1
3,3813,8.932750758,35.93722199,1.0021685,2021-07-10 00:00:00,2,813,34060.57864,1
2,1719,9.527329175,91.21720021,3.23743775,2023-02-24 00:00:00,4,219,16377.47885,0
5,420,4.043993076,42.99276772,1.764723876,2022-08-07 00:00:00,2,420,1698.477092,0
14,4326,3.978269862,49.42287902,1.280732227,2020-02-13 00:00:00,0,1326,17209.99542,1
3,2476,6.875136779,24.64735617,2.208881853,2021-01-28 00:00:00,2,976,17022.83866,1
10,2932,3.648189268,,4.106505993,2019-10-30 00:00:00,1,1432,10696.49093,1
7,,8.578660989,61.26895222,2.264421096,,0,,,1
11,,4.649068266,41.40741414,3.878463421,,3,,,0
6,3058,,86.83841806,1.064688336,2023-08-04 00:00:00,4,58,,1
1,,11.0042346,,3.977471388,,4,,,1
12,3590,11.65332089,50.32752389,1.566199962,2022-02-18 00:00:00,2,590,41835.42201,1
8,3777,5.047320298,46.98764374,3.548269084,2021-08-15 00:00:00,0,777,19063.72876,1
2,1218,12.79203414,21.54621047,3.046016997,2020-05-31 00:00:00,3,1218,15580.69758,1
5,,10.98574677,29.94947192,4.681151227,,0,,,1
9,4127,5.184998099,79.63712099,2.242951331,2020-08-30 00:00:00,4,1127,21398.48715,1
8,335,,59.42916676,0.79774335,2022-10-31 00:00:00,0,335,,1
2,2069,8.591459465,52.34317978,0.586199685,2022-03-11 00:00:00,3,569,17775.72963,1
9,4529,4.593604523,,4.220863524,2023-09-02 00:00:00,2,29,20804.43488,1
5,2008,8.72321193,67.61053399,2.861310369,2022-05-11 00:00:00,1,508,17516.20956,1
10,475,7.904821788,20.79390569,3.988598233,2022-06-13 00:00:00,0,475,3754.79035,1
14,3630,2.972935523,57.12761276,1.5549152,2022-01-09 00:00:00,1,630,10791.75595,1
6,2735,6.237510386,97.07993927,2.052876855,2020-05-14 00:00:00,4,1235,17059.59091,1
13,1670,3.786548575,61.52258241,0.635467425,2023-04-14 00:00:00,2,170,6323.536121,1
3,,4.355522678,74.2033814,4.826715461,,2,,,1
13,3491,5.158606217,44.94910863,3.50540558,2022-05-28 00:00:00,0,491,18008.6943,1
3,3065,14.57102772,81.91931025,4.699422895,2023-07-28 00:00:00,2,65,44660.19996,1
10,3743,5.535718742,81.83371855,1.694733833,2021-09-18 00:00:00,0,743,20720.19525,1
8,3950,11.84566882,61.70368381,3.251586251,2021-02-23 00:00:00,0,950,46790.39182,1
11,2916,5.605201215,147.1216588,3.553249857,2019-11-15 00:00:00,1,1416,16344.76674,1
10,1352,3.717628267,30.04401718,1.928973651,2020-01-18 00:00:00,2,1352,5026.233416,1
10,1414,9.618995269,21.35581319,4.316491558,2019-11-17 00:00:00,0,1414,13601.25931,1
12,4920,9.384927217,81.61265694,4.762226583,2022-08-07 00:00:00,1,420,46173.84191,1
2,8994,,84.57244299,4.48184803,2019-08-29 00:00:00,3,1494,,1
11,177,,29.61657833,3.825801392,2023-04-07 00:00:00,1,177,,0
12,2721,3.535654063,41.24662664,1.748591059,2020-05-28 00:00:00,1,1221,9620.514707,1
12,4327,,21.40418907,1.767272189,2020-02-12 00:00:00,0,1327,,1
2,700,7.97146134,43.46468886,4.835121442,2021-10-31 00:00:00,4,700,5580.022938,1
13,1165,1.804755934,81.85134991,0.546280232,2020-07-23 00:00:00,4,1165,2102.540663,1
5,2236,0.875957191,61.43684222,3.72222488,2021-09-25 00:00:00,4,736,1958.640279,0
6,2549,9.944729873,47.84764745,3.678107731,2020-11-16 00:00:00,1,1049,25349.11645,1
12,2443,9.257132853,,,2021-03-02 00:00:00,0,943,22615.17556,1
2,1963,2.011240163,20.10829006,4.955489807,2022-06-25 00:00:00,2,463,3948.06444,1
5,1418,12.08445158,43.98404221,1.903457461,2019-11-13 00:00:00,1,1418,17135.75233,1
7,4811,1.087474637,,2.029873387,2022-11-24 00:00:00,1,311,5231.840478,0
10,11091,9.418216255,97.93555551,0.855227313,2022-02-17 00:00:00,0,591,104457.4365,1
10,3862,13.31952457,87.76486616,,2021-05-22 00:00:00,3,862,51440.00391,1
8,,3.747552848,21.88759717,1.674718368,,1,,,0
12,,2.90605023,91.88484837,2.04524016,,3,,,0
7,1092,5.423724521,82.65587306,4.255573056,2020-10-04 00:00:00,3,1092,5922.707177,1
8,2812,3.084570087,82.43008989,4.709680311,2020-02-27 00:00:00,4,1312,8673.811086,1
14,2292,4.192811653,56.63966072,1.335798824,2021-07-31 00:00:00,0,792,9609.924308,1
12,1348,8.891036592,51.84042344,2.176290192,2020-01-22 00:00:00,3,1348,11985.11733,1
9,3154,2.114820549,44.23325831,,2023-04-30 00:00:00,0,154,6670.144012,1
5,4698,,25.25558872,0.778138073,2023-03-17 00:00:00,4,198,,1
13,4133,14.14031115,38.25882908,0.915622377,2020-08-24 00:00:00,0,1133,58441.90597,1
5,2097,10.93166328,39.7282908,1.232559451,2022-02-11 00:00:00,1,597,22923.69789,1
11,3787,6.307667492,58.72616558,3.178457754,2021-08-05 00:00:00,3,787,23887.13679,1
10,,5.369542162,79.79555253,1.17712522,,0,,,0
4,4118,8.552758067,57.90478627,,2020-09-08 00:00:00,2,1118,35220.25772,1
13,3210,7.989407113,24.62755596,2.510215373,2023-03-05 00:00:00,0,210,25645.99683,1
9,2070,,96.62318408,2.756830822,2022-03-10 00:00:00,3,570,,1
5,297,1.403695785,143.1269183,1.609963771,2022-12-08 00:00:00,4,297,416.8976482,0
14,2726,11.37610527,124.2227452,2.619321136,2020-05-23 00:00:00,4,1226,31011.26298,1
2,1302,,99.30623213,3.478611347,2020-03-08 00:00:00,3,1302,,1
10,2135,3.66299205,63.55858662,3.880297116,2022-01-04 00:00:00,1,635,7820.488027,1
8,577,7.019419642,97.02146802,3.892406372,2022-03-03 00:00:00,1,577,4050.205133,1
7,1354,,26.04840325,3.100510007,2020-01-16 00:00:00,4,1354,,1
8,1022,9.862240621,49.25445986,,2020-12-13 00:00:00,4,1022,10079.20991,1
12,519,,,,2022-04-30 00:00:00,3,519,,1
3,2304,,,3.906716516,2021-07-19 00:00:00,1,804,,0
4,2697,,,0.750224848,2020-06-21 00:00:00,4,1197,,1
5,1220,,69.79309133,0.53095083,2020-05-29 00:00:00,1,1220,,1
6,3168,9.668318166,123.7586227,,2023-04-16 00:00:00,4,168,30629.23195,1
1,1050,5.107324998,66.26387195,3.485856173,2020-11-15 00:00:00,0,1050,5362.691248,1
4,2436,5.496421906,31.75701677,2.3503887,2021-03-09 00:00:00,2,936,13389.28376,1
11,2343,,84.88990159,2.310828167,2021-06-10 00:00:00,0,843,,0
12,2745,5.874379811,70.87637657,4.480640997,2020-05-04 00:00:00,4,1245,16125.17258,1
10,1957,8.204291137,51.05325649,4.530032817,2022-07-01 00:00:00,2,457,16055.79776,1
13,4712,3.982000762,73.93042364,4.591288688,2023-03-03 00:00:00,2,212,18763.18759,1
5,1965,4.267183452,40.79239834,,2022-06-23 00:00:00,4,465,8385.015482,1
7,3012,4.411176873,,3.609751157,2023-09-19 00:00:00,4,12,13286.46474,1
13,2953,9.92896008,93.39886745,1.722349316,2019-10-09 00:00:00,1,1453,29320.21912,1
5,3328,12.12073223,,1.357744249,2022-11-07 00:00:00,4,328,40337.79688,1
13,11457,12.32506345,57.59906145,1.330846058,2021-02-16 00:00:00,3,957,141208.2519,1
13,3328,6.56925813,91.21129099,,2022-11-07 00:00:00,4,328,21862.49106,1
1,2471,2.351823869,,2.434809289,2021-02-02 00:00:00,3,971,5811.356779,0
11,2991,8.448582187,24.97625809,4.23927127,2019-09-01 00:00:00,4,1491,25269.70932,1
7,,5.584021087,31.78424354,1.039509921,,1,,,1
8,4325,10.06282526,,3.807166313,2020-02-14 00:00:00,3,1325,43521.71925,1
13,194,4.163477355,70.47374322,2.891547114,2023-03-21 00:00:00,0,194,807.7146069,1
7,2774,,55.81387403,1.795754042,2020-04-05 00:00:00,3,1274,,1
11,2055,4.164938289,30.74198807,2.71768813,2022-03-25 00:00:00,1,555,8558.948184,1
14,893,7.04229126,96.63472968,1.849739314,2021-04-21 00:00:00,3,893,6288.766096,1
13,1934,11.18887379,62.37277792,3.182368799,2022-07-24 00:00:00,4,434,21639.28192,1
4,2216,8.081951057,,2.452297653,2021-10-15 00:00:00,4,716,17909.60354,1
8,4206,4.98807454,60.04828569,1.239824881,2020-06-12 00:00:00,1,1206,20979.84151,1
5,3425,8.278705776,74.36962662,1.024623836,2022-08-02 00:00:00,2,425,28354.56728,1
10,3019,6.775845962,26.09913744,,2023-09-12 00:00:00,4,19,20456.27896,1
9,2697,8.071219158,41.9763052,4.56085865,2020-06-21 00:00:00,0,1197,21768.07807,1
12,,10.14391024,,2.04780959,,1,,,1
12,4907,13.38108864,56.77318963,3.798500483,2022-08-20 00:00:00,3,407,65661.00193,1
10,914,8.214700542,63.72617136,3.463976097,2021-03-31 00:00:00,3,914,7508.236295,0
5,445,3.890890968,,4.691997114,2022-07-13 00:00:00,0,445,1731.446481,0
1,2449,10.35248114,23.51199541,4.194414578,2021-02-24 00:00:00,4,949,25353.22631,1
12,462,8.839035189,,3.049723665,2022-06-26 00:00:00,1,462,4083.634257,1
9,2543,,55.6433311,3.456637242,2020-11-22 00:00:00,0,1043,,1
12,2365,9.520171063,36.73483723,4.5427391,2021-05-19 00:00:00,4,865,22515.20456,1
5,2288,0.651332306,23.99832229,2.297834531,2021-08-04 00:00:00,1,788,1490.248316,0
6,3105,12.09325283,87.49197312,1.970576176,2023-06-18 00:00:00,3,105,37549.55005,1
4,3381,4.851767536,98.49540233,0.548649876,2022-09-15 00:00:00,1,381,16403.82604,0
6,1084,,83.45142992,4.219479834,2020-10-12 00:00:00,2,1084,,1
12,1739,7.721438943,88.30279374,4.104413152,2023-02-04 00:00:00,1,239,13427.58232,1
8,927,13.47445772,39.35817043,0.970045331,2021-03-18 00:00:00,2,927,12490.82231,1
3,2830,8.742160164,96.85015804,3.095858215,2020-02-09 00:00:00,1,1330,24740.31326,1
5,3631,7.259028014,35.75405636,2.587917642,2022-01-08 00:00:00,2,631,26357.53072,1
2,4551,4.932246988,96.11438483,1.03419093,2023-08-11 00:00:00,3,51,22446.65604,1
14,,6.454257212,99.58554352,4.912557022,,4,,,0
2,3976,3.034685391,76.93782446,1.466131494,2021-01-28 00:00:00,2,976,12065.90911,0
13,226,11.54572718,98.49149854,0.80255381,2023-02-17 00:00:00,2,226,2609.334343,1
7,3277,,65.56318237,3.176813208,2022-12-28 00:00:00,3,277,,0
10,3156,,40.76334265,3.824900047,2023-04-28 00:00:00,2,156,,0
13,703,2.15505736,54.95967085,0.645995507,2021-10-28 00:00:00,0,703,1515.005324,0
10,,1.42992175,67.48487483,3.464229374,,3,,,1
14,4246,7.357712942,25.84652496,2.895313442,2020-05-03 00:00:00,0,1246,31240.84915,1
11,3633,,69.78746117,0.96469254,2022-01-06 00:00:00,3,633,,1
10,3467,3.938252897,147.7413404,1.276357446,2022-06-21 00:00:00,2,467,13653.9228,1
6,10404,1.53291509,35.20861198,3.055884338,2019-11-27 00:00:00,0,1404,15948.4486,1
4,3897,11.04300961,,,2021-04-17 00:00:00,2,897,43034.60844,1
5,1892,12.10011251,92.6319035,,2022-09-04 00:00:00,3,392,22893.41287,1
1,2961,8.470869721,95.49612743,4.184331033,2019-10-01 00:00:00,2,1461,25082.24524,1
7,10728,5.332530329,96.81084835,4.926052429,2023-02-15 00:00:00,0,228,57207.38537,1
8,3517,,61.7167711,1.668518775,2022-05-02 00:00:00,0,517,,1
9,1745,11.42996469,98.18463264,4.863756348,2023-01-29 00:00:00,2,245,19945.28839,1
8,,8.100294658,80.58481657,,,1,,,0
5,3130,2.144769231,32.9337149,,2023-05-24 00:00:00,3,130,6713.127694,0
3,2972,2.453874639,58.15200852,0.726572871,2019-09-20 00:00:00,3,1472,7292.915427,1
10,,5.175427082,77.46649403,0.73744366,,2,,,1
11,1954,10.2590963,39.78722527,3.614050652,2022-07-04 00:00:00,1,454,20046.27416,1
9,4121,10.96540084,71.24921468,2.560680475,2020-09-05 00:00:00,0,1121,45188.41688,1
6,4762,3.303708442,73.32803832,1.519347317,2023-01-12 00:00:00,4,262,15732.2596,1
5,2808,3.409103048,33.0159795,3.262866378,2020-03-02 00:00:00,4,1308,9572.761358,1
13,3602,4.682478332,65.206825,,2022-02-06 00:00:00,2,602,16866.28695,1
3,,13.9816091,,3.099342895,,1,,,1
6,301,3.020604171,59.91165316,2.116439361,2022-12-04 00:00:00,1,301,909.2018554,0
3,3607,11.11460699,20.96824934,4.20598502,2022-02-01 00:00:00,3,607,40090.3874,1
10,4312,,20.72307753,4.193132723,2020-02-27 00:00:00,0,1312,,1
12,674,,,2.648076792,2021-11-26 00:00:00,1,674,,1
6,636,5.234979446,94.09552547,2.078685992,2022-01-03 00:00:00,4,636,3329.446927,1
4,1725,1.955603496,38.29414237,2.131519085,2023-02-18 00:00:00,0,225,3373.416031,1
2,2222,,,4.125715366,2021-10-09 00:00:00,0,722,,1
8,485,8.088075897,56.64910448,1.976807673,2022-06-03 00:00:00,2,485,3922.71681,0
4,3381,,45.73359917,1.440767182,2022-09-15 00:00:00,1,381,,1
9,574,6.612667557,87.84336717,,2022-03-06 00:00:00,2,574,3795.671178,0
7,517,3.863771546,78.30891538,,2022-05-02 00:00:00,1,517,1997.569889,1
12,3700,14.30333448,27.63194219,2.669594445,2021-10-31 00:00:00,3,700,52922.33758,1
2,,9.68627704,54.29616168,4.284089197,,2,,,0
4,4958,5.442690757,22.33358109,1.495574134,2022-06-30 00:00:00,2,458,26984.86077,1
5,1305,12.11529346,58.47121173,2.214460732,2020-03-05 00:00:00,4,1305,15810.45797,1
3,4859,6.806872642,72.99472094,4.137825825,2022-10-07 00:00:00,2,359,33074.59417,1
9,4220,8.775786635,29.48020989,4.206306248,2020-05-29 00:00:00,1,1220,37033.8196,1
13,2090,11.19574139,43.11079511,2.230749842,2022-02-18 00:00:00,4,590,23399.0995,1
5,4905,12.70207203,51.82693004,2.566058105,2022-08-22 00:00:00,2,405,62303.66329,1
2,3672,10.81879908,93.56248197,1.864786509,2021-11-28 00:00:00,2,672,39726.63023,1
11,4480,3.831054362,99.46040123,4.696496953,2019-09-12 00:00:00,3,1480,17163.12354,1
3,4258,6.977760833,23.59290392,1.033896946,2020-04-21 00:00:00,2,1258,29711.30562,1
14,4857,13.28475347,80.88063388,4.701872404,2022-10-09 00:00:00,0,357,64524.0476,1
9,2813,4.713599687,49.73792531,3.577399033,2020-02-26 00:00:00,4,1313,13259.35592,1