Operational_Hours,Load_Level,Temperature,Vibration,Maintenance_Frequency,Machine_Age,Machine_Failure,Time_Since_Last_Maintenance,Hours_Load_Interaction
960.0,4.4983104211633576,49.77336190700107,2.2660618380326603,0,1,1,960.0,4318.3780043168235
3872.0,7.7711224540237405,54.56615063553568,3.894192380061602,1,13,1,872.0,30089.786141979923
3192.0,1.820518988075629,55.15239917555618,4.632918944654339,1,8,0,192.0,5811.096609937407
566.0,12.071111701636626,69.03516659956205,4.779178675261468,4,8,0,566.0,6832.24922312633
,,95.4460670195766,3.0970516371724437,1,6,1,,
3544.0,5.152493060026085,,2.1070452168522626,3,4,1,544.0,18260.435404732445
3271.0,2.2768686405205267,29.720110104073445,4.043970886364507,2,3,0,271.0,7447.637323142643
3019.0,,35.79763918879499,1.6295062246803511,1,11,1,19.0,
230.0,7.373686396878094,90.95399201674157,3.03833312975083,1,3,0,230.0,1695.9478712819616
1785.0,7.540620591201721,71.66486501241648,2.113603076861929,3,6,0,285.0,13460.007755295072
869.0,3.7838949106938715,42.87254313913281,3.4548398316854425,0,13,1,869.0,3288.204677392974
2491.0,10.763403483872406,85.27575511748938,1.581795108020781,0,8,1,991.0,26811.638078326163
,5.9460348151598685,88.90959970907488,1.3621682558067159,4,7,1,,
1284.0,9.764089373221733,87.72114709522225,4.6320758900394665,3,11,1,1284.0,12537.090755216705
4655.0,5.758982666455023,93.51412269116436,0.958116573272916,2,1,1,155.0,26808.06431234813
3485.0,4.904019167188759,40.17928161386892,2.7768105848071922,2,11,1,485.0,17090.506797652823
4217.0,0.6533560049949344,80.40335429970227,,3,6,1,1217.0,2755.2022730636386
,8.607897592367047,56.8431597819312,0.6751848349655035,2,7,1,,
,7.563812739292089,87.35988423120492,0.6620846823114188,0,12,1,,
574.0,2.3089910659317114,,1.288497974476223,2,7,0,574.0,1325.3608718448024
1182.0,9.995651924858278,82.11579571997797,4.400466595277001,2,9,1,1182.0,11814.860575182483
2658.0,6.263763734010922,72.49294701448572,1.77115434789662,3,11,1,1158.0,16649.08400500103
2147.0,6.935330654325346,34.19430155757655,4.777066267588831,3,11,0,647.0,14890.15491483652
2847.0,8.448015807885408,63.60215351175506,3.117300318451371,2,10,1,1347.0,24051.50100504976
1075.0,4.630156880581722,98.77357916196065,2.4647638539594476,1,5,1,1075.0,4977.41864662535
1906.0,10.449403652369472,94.99104531976951,3.1103997560125456,3,1,1,406.0,19916.563361416214
,4.327060681178841,23.453898863760934,2.825142733518205,4,2,1,,
2834.0,2.7339012970592758,33.18518525835497,3.9144931419079634,4,4,1,1334.0,7747.876275865988
3105.0,9.273933624793605,30.538301876364955,1.7712322968778351,0,5,1,105.0,28795.563904984145
4758.0,12.418702282011239,,2.088726762201361,2,9,1,258.0,59088.18545780947
1999.0,6.898090382032169,85.4228263885556,4.523424361399628,1,11,1,499.0,13789.282673682306
,2.9725755865845915,37.080909304853755,4.7590543091768245,0,1,1,,
1628.0,7.655005003034086,60.46821543614632,4.516512023689136,2,3,0,128.0,12462.348144939491
3302.0,,87.256242240896,2.387515972807911,3,5,1,302.0,
3656.0,0.5019866953210761,78.62412358130004,4.011644763530968,4,3,1,656.0,1835.263358093854
3990.0,,63.378976439347866,,1,4,1,990.0,
746.0,10.450534671105643,67.22781523670183,2.7389293346574597,4,14,1,746.0,7796.0988646448095
2988.0,8.761355715917539,60.6688437533024,1.4210604907577777,3,3,1,1488.0,26178.930879161606
2535.0,2.003124169889414,43.803876105505644,3.160086364663324,2,4,1,1035.0,5077.919770669665
,,97.80263914308193,1.3376115398900656,3,14,1,,
2463.0,6.43682269463993,75.11082416400725,,3,13,1,963.0,15853.894296898146
2161.0,7.432536705829975,89.86583326886462,,4,13,0,661.0,16061.711821298575
341.0,1.744815336854082,,1.4318411414488486,1,1,0,341.0,594.982029867242
2141.0,3.8866207216597575,80.88972296345264,0.8202122832804477,3,12,1,641.0,8321.25496507354
2924.0,9.229123854088165,,0.8105341667576733,4,8,1,1424.0,26985.958149353795
2712.0,4.271148939304343,,4.733530342263985,1,4,1,1212.0,11583.355923393377
1463.0,10.574175222212258,20.746529586167462,2.781141970828256,2,7,1,1463.0,15470.018350096534
1578.0,4.734517484418639,39.73430916172984,2.3423543231765827,2,2,1,78.0,7471.068590412612
2656.0,5.739300648191431,78.11693720904039,4.148953614535633,0,2,1,1156.0,15243.582521596441
875.0,6.669225011876249,99.34479610794908,4.261216675597322,4,6,1,875.0,5835.571885391718
4114.0,8.887865495373562,27.934247966977274,1.9948596490202206,1,14,1,1114.0,36564.67864796684
134.0,10.556775303982548,,3.6212812586320786,3,2,0,134.0,1414.6078907336614
3252.0,10.418832280782553,84.00567749593276,3.9700526713334896,2,6,1,252.0,33882.04257710486
2055.0,7.102732560807122,36.32285077031191,3.4459280908967953,1,11,1,555.0,14596.115412458636
,8.114830011649161,64.4067959441829,1.1821778366004472,4,2,0,,
4043.0,6.896088648270753,78.64570368237398,4.441473875826757,0,4,1,1043.0,27880.886404958655
3173.0,5.974898405627638,69.27883602081432,2.925925487312039,2,7,1,173.0,18958.352641056495
1121.0,10.960366478916864,35.04197876923329,1.7711259186650166,1,8,1,1121.0,12286.570822865804
3561.0,3.355068312565197,48.43076549485915,2.4135268344696224,1,3,1,561.0,11947.398261044667
2713.0,2.832110361193219,82.70334275883178,0.6690699067950832,1,14,1,1213.0,7683.515409917203
3943.0,6.1678409563573675,64.33812113056133,1.075400605500879,4,13,1,943.0,24319.7968909171
1600.0,3.1045268414968037,20.41836908343302,3.9449603773213737,4,9,1,100.0,4967.242946394886
14694.0,2.0242068679283083,80.8792608022475,0.5000523563991477,4,2,1,1194.0,29743.695717338564
783.0,6.714199946814226,22.824908395219126,2.3745462281703147,3,8,0,783.0,5257.218558355539
4397.0,8.539215371072652,79.65870261849858,2.851295814885148,1,8,1,1397.0,37546.929986606454
2081.0,11.741216242553698,36.19844481321899,,2,13,1,581.0,24433.471000754245
,12.926152999953935,96.64587840955042,4.878851733375498,4,14,1,,
,3.7802850812821838,49.43526010416676,1.5175639906235237,4,4,0,,
4651.0,4.070537484742795,46.15452930704633,1.8688942383632638,1,1,1,151.0,18932.06984153874
3898.0,4.764640947870532,31.911044026595576,1.867741305147623,4,13,1,898.0,18572.570414799335
1375.0,8.672150886291758,44.44833723921719,1.5368749795280745,3,1,1,1375.0,11924.207468651168
,4.594600563628309,90.13206094625605,0.5066321993884013,3,2,1,,
437.0,7.027856748873306,99.70674701017978,3.7820515733959836,4,14,0,437.0,3071.173399257635
978.0,7.307876091710138,49.464762440547865,4.850804749096784,1,12,1,978.0,7147.102817692516
1176.0,,55.8888504763634,1.5093206747827028,1,14,1,1176.0,
4987.0,5.734946547834672,77.76567505621897,3.483712363115401,1,9,1,487.0,28600.178434051508
4093.0,5.3435143843310655,90.89566243720596,3.838533471314218,0,13,1,1093.0,21871.004375067052
,13.213224644827513,67.44354673494273,4.317914205907361,4,2,1,,
479.0,8.662416314350901,,2.4018313865612413,1,2,0,479.0,4149.297414574082
592.0,2.8656604911731707,53.0097472678899,1.8631890753819316,3,6,0,592.0,1696.471010774517
2162.0,10.415234694449703,75.64945171974455,1.96382810310364,2,7,1,662.0,22517.73740940026
3984.0,8.607944168500294,30.386191632513444,3.7067959989433077,2,13,1,984.0,34294.04956730517
492.0,13.18013526669545,69.56714699678726,,1,7,1,492.0,6484.626551214161
2668.0,9.880495041681208,48.43944083530859,,2,13,1,1168.0,26361.16077120546
2127.0,5.7352393538619255,83.53578650216674,2.1692345367099435,2,9,0,627.0,12198.854105664315
2795.0,4.67192687495956,27.439251185850573,4.558730885371175,0,6,1,1295.0,13058.03561551197
1595.0,7.683598254812854,67.05618135587125,4.130120838626326,3,14,1,95.0,12255.339216426502
491.0,8.768110344917664,87.71674678633485,4.931862812431142,3,8,1,491.0,4305.142179354573
4614.0,11.284685273207376,71.38604207241819,3.8941171685693634,0,11,1,114.0,52067.53785057883
4574.0,5.878708243341573,25.18828755863747,2.26937840462565,0,6,1,74.0,26889.211505044357
3661.0,5.060862100767366,66.3987029942505,3.15787025297587,2,2,1,661.0,18527.816150909326
2378.0,10.292582375710559,64.91876703676189,3.474564144112941,4,1,1,878.0,24475.76088943971
3199.0,12.008859542030788,97.27921132994051,0.8530511734270578,2,5,1,199.0,38416.341674956486
300.0,5.977580142973834,,2.950236315967393,0,14,0,300.0,1793.2740428921502
4975.0,5.830542932308651,74.11743497810897,3.691943728126743,3,9,1,475.0,29006.95108823554
3204.0,7.37836841962969,84.39911997446158,1.2529458680047716,2,8,1,204.0,23640.29241649353
,3.3010974339452277,41.585657610257144,4.012842728415007,4,14,1,,
2554.0,10.861224607831982,86.00395281440497,3.1269775123135024,2,13,1,1054.0,27739.56764840288
3745.0,1.9475924557732427,59.86045458107629,4.784998035639176,1,4,0,745.0,7293.733746870794
904.0,7.090945903669111,26.164662330746495,0.6909003419310127,2,5,0,904.0,6410.215096916876
2831.0,4.017604311131277,24.684074339518336,1.6939676189996014,0,13,1,1331.0,11373.837804812645
,8.6094194459758,,3.2069924568492083,3,5,1,,
1670.0,11.239391210336665,82.7917581689174,1.834519604926688,3,6,1,170.0,18769.78332126223
2790.0,8.538777471861923,76.61447477927325,3.71490873832059,0,3,1,1290.0,23823.189146494766
3940.0,2.0693242155782716,83.08919717379251,3.9155237713486897,1,5,0,940.0,8153.13740937839
1128.0,3.110868008156433,,0.9613218382991351,0,2,1,1128.0,3509.059113200456
602.0,2.789158611086649,55.21591983643924,2.8123450889304547,2,10,0,602.0,1679.0734838741625
13779.0,13.402928130175834,,2.7900075001597515,0,1,1,279.0,184678.94670569283
970.0,10.375152315154239,,2.1617634659699347,0,11,0,970.0,10063.89774569961
4588.0,7.422819024347529,54.72154929391002,4.698161881563524,1,1,1,88.0,34055.89368370646
306.0,7.35272171042802,27.08803437436938,4.223778439429495,2,10,0,306.0,2249.932843390974
1584.0,7.374630881803776,37.6489562168969,3.6374422185933657,4,7,1,84.0,11681.41531677718
963.0,4.6613651576200485,67.8580235250991,3.714469860807489,4,2,1,963.0,4488.894646788107
2890.0,9.985187470920648,78.85304913913518,2.5777226471590358,3,4,1,1390.0,28857.191790960675
663.0,6.310861047872185,99.86780091143598,4.644475344934591,0,5,0,663.0,4184.100874739259
4291.0,6.136245543773219,,3.6256794226397844,3,7,1,1291.0,26330.629628330884
,5.291637287218248,71.40521596281532,3.780414777451174,1,2,0,,
1778.0,0.5536960668562629,53.69984426352576,4.377609067043053,4,14,0,278.0,984.4716068704355
3342.0,4.26389713134494,70.89418917665861,1.7333221520398596,0,6,1,342.0,14249.94421295479
4736.0,10.860509825409366,82.85212944641856,4.131819067400164,1,1,1,236.0,51435.37453313876
1159.0,5.538699090653289,29.466895273870986,1.3785827133042141,1,7,1,1159.0,6419.352246067162
1822.0,6.927117515448657,52.79239117570306,2.0540387851019952,0,9,0,322.0,12621.208113147453
10242.0,2.9697851439936223,87.18418285084938,,1,5,1,1242.0,30416.53944478268
3257.0,4.1533956750555205,50.70663615464352,4.903364607751133,0,5,1,257.0,13527.609713655831
2725.0,5.06714528227175,65.74978169817493,4.354417506865671,0,4,1,1225.0,13807.97089419052
2829.0,6.672464001329276,67.02154886897586,3.655264377156169,2,3,1,1329.0,18876.400659760522
1697.0,,34.75810025069115,3.7717554272692557,3,9,1,197.0,
3160.0,6.384441567697407,48.97883533218307,3.02932757481157,1,5,1,160.0,20174.835353923805
2793.0,6.705850348343258,46.76090309935457,,1,8,1,1293.0,18729.44002292272
4991.0,,22.09573668256518,2.733164387970627,2,9,0,491.0,
,11.188443385169759,21.935341111308418,2.2123296944145254,2,5,1,,
1463.0,11.002002705634437,86.53576349406188,1.2336590161921595,2,10,1,1463.0,16095.929958343182
2081.0,9.81937279756216,41.845664797824995,4.0379254351747615,4,9,1,581.0,20434.114791726854
1763.0,6.942230459126051,61.44630129910524,3.8049976943401616,4,2,1,263.0,12239.152299439229
,3.985371378481335,43.898045887101844,2.229597673358607,4,9,1,,
2138.0,6.361342371206711,95.25433960922724,0.6133703628165321,0,11,1,638.0,13600.549989639949
3402.0,7.212449329068686,40.7437407092619,4.275487974731048,1,4,1,402.0,24536.75261749167
2337.0,2.587748726368144,81.55881752867222,,3,6,0,837.0,6047.568773522352
1406.0,5.3753732874959725,89.81842003876815,,0,6,1,1406.0,7557.774842219337
4129.0,9.001057824421562,,4.866156993767257,1,6,1,1129.0,37165.36775703663
2775.0,3.861089730882079,34.88811342770219,2.4694759766669154,1,2,1,1275.0,10714.52400319777
,11.888669948487994,84.21146478365684,1.5573803224817875,2,7,1,,
,5.138751466437702,56.65495093903141,3.671919545195218,2,13,1,,
4844.0,3.419403322969635,58.637509766828416,4.177076639070133,0,6,1,344.0,16563.58969646491
4513.0,7.987717728021181,30.6783977932755,2.958936422350313,2,11,1,13.0,36048.57010655959
3848.0,5.082808078037825,26.44812110056997,4.851658738652658,1,14,1,848.0,19558.64548428955
4879.0,10.867567301990222,78.23514455790121,0.732509247460825,2,1,1,379.0,53022.860866410294
763.0,7.348975802104596,59.716892188423984,,4,2,1,763.0,5607.268537005807
2098.0,6.018668516130485,54.948056209214364,3.7330427629514755,2,7,1,598.0,12627.166546841758
3545.0,9.710058805423834,78.36065829219174,4.381882120171305,1,1,1,545.0,34422.15846522749
3843.0,10.541572478909366,81.24103191928879,,0,1,1,843.0,40511.26303644869
1595.0,10.68283556124252,32.71265341354828,4.1000156679365665,3,1,1,95.0,17039.12272018182
3404.0,5.034267913868625,103.22701793731696,,2,8,0,404.0,17136.6479788088
3863.0,8.909227782534526,30.828326582214842,,1,4,1,863.0,34416.346923930876
1953.0,7.5583802784400795,80.11000688232366,1.092717628605921,3,4,1,453.0,14761.516683793476
4759.0,1.9919239595982359,72.55641250137117,4.393830915090106,3,13,1,259.0,9479.566123728004
1391.0,9.502780201409841,96.52916968667664,1.207729436808719,4,2,1,1391.0,13218.367260161089
3681.0,4.02730386324364,25.516641308513694,1.8940453664409467,3,11,1,681.0,14824.50552059984
3557.0,9.813002391808503,,1.805204893830966,1,11,1,557.0,34904.849507662846
,8.292844201413324,42.57496597545601,4.421363153858844,1,11,1,,
3796.0,5.44738652655514,,,2,1,1,796.0,20678.27925480331
3099.0,,39.75830392575999,4.085066287361176,2,12,1,99.0,
3252.0,11.927268848933885,92.50036644168293,,2,10,1,252.0,38787.478296732996
798.0,7.658236717857481,39.96369598796049,3.3119334482314953,3,9,0,798.0,6111.272900850269
2260.0,9.331372106062584,41.75597809029048,3.072856924146869,3,7,1,760.0,21088.90095970144
4197.0,10.62749288992077,80.7518609934371,4.2477366955472196,4,4,1,1197.0,44603.58765899747
4837.0,7.758427731746464,83.96878109406481,4.577391772165672,2,12,1,337.0,37527.51493845764
954.0,11.98435885472763,82.1368445564145,0.5547054716482407,0,6,1,954.0,11433.078347410159
3574.0,6.397976743194249,25.229292605150818,3.533089635764567,4,14,1,574.0,22866.368880176247
1807.0,6.54480862570761,88.50854324080612,0.7332610960387806,0,2,0,307.0,11826.46918665365
2877.0,3.823581785210565,22.68908801466261,,3,7,1,1377.0,11000.444796050795
1833.0,12.665693486012204,25.01225627642836,1.794347280696552,4,2,1,333.0,23216.21615986037
3610.0,13.747025060639952,92.51499626755287,,4,10,1,610.0,49626.76046891023
302.0,1.5137991232524617,31.139629689407613,2.0883132655356045,1,8,0,302.0,457.1673352222434
,11.762042705368899,62.593654582017365,3.2958160207232456,3,8,1,,
4318.0,12.2480765982572,79.33147231208478,2.0032248455094614,3,1,1,1318.0,52887.19475127459
4596.0,6.766385808034716,,3.797145727656262,4,13,1,96.0,31098.309173727554
,6.127520925502908,91.9866676549818,2.3203732350824136,3,8,1,,
,,21.74587174203916,0.8075894013948137,4,2,1,,
2427.0,4.4726688044254015,73.10317489404713,4.026919291178483,1,6,1,927.0,10855.167188340449
3031.0,11.297982150487645,97.07155473708403,1.785912460667177,4,13,1,31.0,34244.18389812805
297.0,5.200783515580177,64.81345467694736,,3,1,0,297.0,1544.6327041273125
6090.0,12.814317834476979,94.94579696264735,,3,5,1,90.0,78039.19561196481
3682.0,14.04836888888137,24.1806303428819,1.996052707169204,4,11,1,682.0,51726.094248861205
708.0,9.658303832228482,53.50346552593291,0.7546354526602204,4,7,0,708.0,6838.079113217765
3372.0,7.6118942815409305,40.81262327696409,2.182644711557661,4,13,1,372.0,25667.307517356017
1247.0,12.887829842525582,78.46567719845838,4.750018622124365,2,10,1,1247.0,16071.1238136294
4382.0,10.436268708274579,147.7556508596696,3.387804787843512,3,1,1,1382.0,45731.7294796592
,4.702922762994691,40.52240499553982,3.5216561690024313,3,2,0,,
2611.0,12.267688166980962,72.33396811792596,3.345269691369379,2,7,1,1111.0,32030.933803987293
1894.0,2.049009264669107,35.847810620779214,1.3954646253174656,4,6,1,394.0,3880.8235472832885
759.0,5.978570275743046,65.22642036572879,2.3825023884602605,1,3,0,759.0,4537.734839288972
2911.0,7.097951311022359,85.67189840260033,3.879229092634932,4,14,1,1411.0,20662.13626638609
1469.0,4.166285039527881,97.76042637052296,0.9561780389892162,4,10,1,1469.0,6120.272723066457
2086.0,4.867121609842448,68.68218181571733,1.7503374924037052,2,2,1,586.0,10152.815678131346
246.0,11.08939557049497,47.960509766945506,1.7434359880963413,3,10,1,246.0,2727.9913103417625
3319.0,,29.12766279103467,2.444085174175277,4,4,0,319.0,
3011.0,8.10196871221994,32.09974629879476,,3,3,1,11.0,24395.02779249424
1834.0,2.209166811787661,38.025354396098805,0.8037614600771987,0,7,0,334.0,4051.61193281857
1943.0,4.756399803512718,40.07733290722384,2.8341544747126775,3,8,0,443.0,9241.68481822521
588.0,8.688843512157938,88.04928462729103,,1,2,1,588.0,5109.039985148867
3076.0,11.02289625215306,64.89782306260199,,1,10,1,76.0,33906.42887162281
6177.0,5.6604739193697675,,,4,7,1,177.0,34964.74739994705
2485.0,7.31523242591393,29.181509749537398,2.3162045106271605,3,8,1,985.0,18178.352578396116
3019.0,10.769694830813387,88.8111754679548,3.8204824317557278,4,6,1,19.0,32513.708694225617
,8.876601724148893,,,2,6,1,,
1902.0,4.669521578056047,25.413468952000127,2.4022788660226952,1,10,0,402.0,8881.430041462601
4161.0,0.8804704810407721,76.62680777838149,2.059358755787232,4,1,1,1161.0,3663.6376716106524
3469.0,11.948541206518918,63.483057387411684,2.2892557034879175,2,4,1,469.0,41449.489445414125
362.0,0.5779529925571741,26.538027659742262,1.6892431842138769,4,14,0,362.0,209.21898330569704
723.0,10.637990142247396,56.664051322292515,1.423998224180599,3,1,1,723.0,7691.266872844868
1116.0,,58.775702970403756,2.673678639015005,3,4,1,1116.0,
3743.0,9.490794657727495,33.26196321306206,1.708401902304233,3,2,1,743.0,35524.04440387401
2149.0,10.837746452963234,95.65585176002259,1.7935774920376255,3,11,1,649.0,23290.31712741799
3823.0,11.651945976049863,87.99802971845295,3.4554022856355067,0,13,1,823.0,44545.389466438624
4648.0,3.551277371630774,,4.858417992649515,2,5,1,148.0,16506.337223339837
3208.0,8.623799244616128,56.98364488004857,3.216367402517188,2,10,1,208.0,27665.14797672854
4190.0,8.724040102445695,52.941243326760684,0.8464076017923483,3,14,1,1190.0,36553.72802924746
2156.0,7.404500730564541,72.07787737207633,0.8401262623433015,0,9,1,656.0,15964.10357509715
3270.0,,63.634549552552436,4.781404493805047,3,11,1,270.0,
1782.0,11.360854893687094,24.98184847055085,1.8378085563830013,0,12,1,282.0,20245.043420550403
2355.0,12.560516753444292,61.000211901626535,0.9143014373711394,3,10,1,855.0,29580.01695436131
3762.0,9.641949203309444,84.51228937862716,3.195700642176717,1,3,1,762.0,36273.01290285013
4599.0,5.727869915330409,56.73919020775664,3.3064195023061975,1,8,1,99.0,26342.47374060455
3291.0,5.471297788435425,24.156526204341475,3.418271690534097,4,3,1,291.0,18006.041021740984
5388.0,9.092926096542284,82.90225595072265,1.7033091253589359,3,6,1,888.0,48992.68580816982
4091.0,4.687026862185184,,0.5679980789651377,2,4,1,1091.0,19174.626893199587
4823.0,2.064700882467897,40.6896667910431,4.842569162545123,4,8,0,323.0,9958.052356142669
4782.0,4.670597035436245,33.17650827458367,,1,11,1,282.0,22334.795023456125
1748.0,4.230113759883013,46.4172051897198,3.5421182962364637,3,6,0,248.0,7394.238852275506
1545.0,5.2093806642140965,80.5401204550908,3.6798344144541932,4,8,0,45.0,8048.493126210779
12897.0,5.600144344570315,92.32630314047248,3.245033376857686,3,1,1,897.0,72225.06161192335
4023.0,4.701662647795056,36.390501932057006,1.908083273961417,1,6,1,1023.0,18914.78883207951
353.0,1.6143985332698545,90.22640625216327,1.719933141938296,4,1,0,353.0,569.8826822442586
3283.0,10.795865599067502,90.36654839612234,3.189507272162164,1,1,1,283.0,35442.82676173861
2657.0,6.171968661611398,134.46941100552084,4.397430351252612,0,8,1,1157.0,16398.920733901487
198.0,8.315181853456096,39.10369691052314,4.76030178015528,1,7,1,198.0,1646.406006984307
2300.0,6.845776468616396,56.099147534479044,0.9765761198169094,3,3,0,800.0,15745.28587781771
9183.0,5.571881958939368,,1.1967287566897393,2,6,1,183.0,51166.59202894022
4533.0,11.885412071560161,81.76099810479923,4.751313164523858,1,9,1,33.0,53876.57292038221
,8.668681218958922,22.173393698044784,3.8144085275065667,2,7,0,,
2969.0,2.4992176544949283,,4.473472211733979,0,12,1,1469.0,7420.177216195442
,5.300557977234453,57.114510144986625,1.4118468536090443,4,3,1,,
,13.180343915072257,92.73761646892481,3.1441364199923085,4,14,1,,
,11.856687142639053,63.09614383621714,3.6551281748786315,2,14,0,,
4167.0,7.489486501861161,59.82500064274322,3.560503484511377,4,13,1,1167.0,31208.690253255456
260.0,9.10255198879218,28.437895996530447,2.3366826089001416,1,6,1,260.0,2366.6635170859668
4593.0,,72.54240837794353,,2,11,1,93.0,
1400.0,12.389464713249417,85.76825284801804,3.123167255619184,3,4,1,1400.0,17345.250598549184
4087.0,2.406084668016013,75.65040090090748,1.6389569263082393,1,14,1,1087.0,9833.668038181446
,11.100931175924515,82.0489480740262,2.5261441076430065,1,13,0,,
,7.415832693528641,97.15813231206494,4.809114567877178,1,3,0,,
4596.0,9.478082163346976,36.30131673021513,2.295658929390956,3,9,1,96.0,43561.2656227427
4835.0,5.410408367015319,61.866370495579304,4.27910722998992,0,10,1,335.0,26159.32445451907
3204.0,5.125715072735808,42.971036646766045,1.3484327258716302,4,2,1,204.0,16422.79109304553
2835.0,,83.42835352270714,3.5260722411126295,2,1,1,1335.0,
4655.0,6.94909128303706,66.2074692704926,4.8965312949752455,0,14,1,155.0,32348.019922537515
1054.0,3.542087332375223,70.76659340402429,0.9585189539282155,2,2,1,1054.0,3733.360048323485
4665.0,9.421950692540705,83.83313276927153,0.537439740022364,4,7,1,165.0,43953.39998070239
3546.0,8.11817593162092,51.677637812996394,2.4511225668467644,3,10,1,546.0,28787.05185352778
1145.0,2.6651663671546704,93.20720547256346,0.9168146737311524,1,1,1,1145.0,3051.6154903920974
1793.0,14.505337972336825,62.6423093796912,3.8677295735430413,1,6,1,293.0,26008.07098439993
,8.958710610301775,32.63638582682784,4.615468987318515,3,14,0,,
,10.80924570796286,75.67192945350419,2.453094377189415,0,7,0,,
2585.0,13.28004302779651,83.46090803506036,1.6642023896994842,0,9,1,1085.0,34328.911226853976
3454.0,6.193237314833065,45.34093416540213,2.454814935529744,2,14,1,454.0,21391.44168543341
325.0,,88.57434055990024,3.7555151803250046,3,8,0,325.0,
4993.0,12.234772716859254,92.4914603812613,,0,6,1,493.0,61088.22017527826
,9.930813513033863,42.15235899022471,3.1525429526811375,3,3,1,,
4648.0,5.544000279388131,,3.259812581993206,4,8,1,148.0,25768.513298596034
3167.0,10.144367771440663,31.256922243900675,3.36959711103171,1,7,1,167.0,32127.21273215258
915.0,3.3053076312009733,36.1612534721992,1.5890993599139476,1,3,0,915.0,3024.3564825488907
4854.0,6.794353225464697,34.73798713904209,,1,9,1,354.0,32979.790556405635
4742.0,10.035423570965229,,0.9112616884929938,3,12,1,242.0,47587.97857351712
3220.0,8.41727506918771,72.34340418599695,1.3967165141006037,3,2,1,220.0,27103.625722784425
116.0,5.833337158374394,32.16834265778183,4.448615209945169,2,3,0,116.0,676.6671103714297
,1.463783142329571,,3.8242541782695487,1,2,0,,
2305.0,11.639748427462413,69.22384200558416,0.5618549930510537,2,13,1,805.0,26829.620125300862
2624.0,2.7748839373964915,26.677126799150663,,1,1,1,1124.0,7281.295451728393
1169.0,3.2797088327615183,90.5933094725871,1.4648291734692405,2,4,1,1169.0,3833.979625498215
10632.0,10.404330526549835,84.28828283532282,1.7186284761663766,2,5,1,132.0,110618.84215827784
2665.0,13.128256359308558,60.41654188613106,,4,13,1,1165.0,34986.80319755731
,8.899169537394183,97.37012922073363,0.7813683308428059,2,6,0,,
2427.0,,53.420878342007974,2.5652323246856916,3,5,0,927.0,
3520.0,9.447991155768243,98.72882552291982,,2,1,1,520.0,33256.92886830422
401.0,8.595029086354483,,3.2302927612284638,1,3,1,401.0,3446.6066636281475
4376.0,2.8956559591988054,70.77370186031531,3.527922508691359,2,1,1,1376.0,12671.390477453971
706.0,5.606371047854742,33.2763916236628,0.8651713034130761,0,11,0,706.0,3958.0979597854475
3270.0,7.1393503388088835,90.55422066437151,4.7817081957955425,1,5,1,270.0,23345.67560790505
799.0,6.835383078115737,54.19917503364921,4.273213252293612,0,5,1,799.0,5461.471079414474
1239.0,10.702289325800242,32.97867246259835,4.122906433230482,1,12,1,1239.0,13260.1364746665
870.0,9.619269178073816,31.512902397091082,4.203427122687954,3,11,1,870.0,8368.76418492422
2400.0,4.396779785866115,64.7804546910706,4.697197286597426,3,13,1,900.0,10552.271486078676
1080.0,6.024925689566205,,2.9491428475116397,3,6,1,1080.0,6506.919744731501
9225.0,7.672103619606403,77.54828978953269,1.4012690804043166,0,8,1,225.0,70775.15589086908
1284.0,2.859006817536561,91.22064424142417,3.2755262353364354,4,10,1,1284.0,3670.9647537169444
10281.0,10.937345795267515,26.352526771442363,3.8429667215057255,1,12,1,1281.0,112446.85212114532
3494.0,,78.51971922722899,3.8206282700931142,3,1,0,494.0,
227.0,7.448565075047919,34.99295552780658,2.8465206087509607,1,4,1,227.0,1690.8242720358776
2165.0,7.378037567704413,88.65416425257311,0.8080642370011013,0,10,1,665.0,15973.451334080055
1916.0,11.684320123273572,85.52508110893248,2.170008222935575,4,11,1,416.0,22387.157356192165
669.0,5.82953446253781,63.26350039884355,4.643449738085108,0,1,0,669.0,3899.9585554377945
1995.0,9.074196296935813,76.81942388986492,3.130020093908417,1,9,1,495.0,18103.021612386947
2833.0,,45.14800905469987,2.92249374465071,4,11,1,1333.0,
3963.0,4.632506944407066,,1.709840814719871,4,7,1,963.0,18358.625020685202
4821.0,10.597777026499422,85.73095181683773,2.158020139624605,0,7,1,321.0,51091.88304475371
4114.0,9.567282072482552,56.741215773857114,4.529057401189261,3,12,1,1114.0,39359.79844619322
3001.0,11.058264451463245,48.623861226035345,3.499083713870761,1,5,1,1.0,33185.851618841196
1786.0,10.989436421433311,,4.043241620385498,2,7,1,286.0,19627.133448679895
3109.0,11.673014397001202,,,2,12,1,109.0,36291.401760276734
254.0,7.9877221621623224,46.81664378966982,3.3361124875527106,0,2,0,254.0,2028.88142918923
2637.0,11.074845083661355,33.900927450859506,1.6177262393444338,1,14,1,1137.0,29204.36648561499
1509.0,8.347955581035277,76.96112162646246,,1,13,0,9.0,12597.064971782234
4157.0,10.454592323917392,,2.4242060016650178,0,4,1,1157.0,43459.7402905246
884.0,,28.050998281882666,2.491454816666355,1,14,1,884.0,
3275.0,11.101219856232799,39.189929020475574,3.4219504605959674,3,14,1,275.0,36356.49502916242
4441.0,5.237271884282023,31.357759180879512,4.71326279661017,0,7,1,1441.0,23258.724438096466
2906.0,,71.75296938986,0.7880285597387942,3,3,1,1406.0,
637.0,,56.02807831243301,4.211344568061534,1,2,1,637.0,
1941.0,2.405907507886393,79.90610695706451,1.815723996854869,0,10,0,441.0,4669.866472807489
2555.0,11.515613273295692,,2.4976375452787,1,2,1,1055.0,29422.391913270494
624.0,2.5838947253370255,,0.5986099794875404,0,13,0,624.0,1612.350308610304
3050.0,3.6999736041514697,48.18999572877235,1.8547073502544087,1,1,0,50.0,11284.919492661982
4231.0,9.50244888352592,87.3158042467808,2.761840591835587,3,5,1,1231.0,40204.86122619817
4880.0,3.916489739385532,57.70297339185316,0.7527923480634755,3,12,1,380.0,19112.469928201393
4215.0,9.461706032134071,147.49259256181853,2.709930782224243,1,6,1,1215.0,39881.09092544511
2468.0,11.959889371613608,70.73137106365894,4.671997829862923,0,6,1,968.0,29517.006969142385
3947.0,5.442429732489758,,0.9742694814851235,2,9,1,947.0,21481.270154137077
4595.0,1.1776003390642786,74.09420496603472,3.9399832763397695,3,4,1,95.0,5411.07355800036
8403.0,6.613204924017262,46.00832123453592,2.343519740191967,3,1,1,903.0,55570.76097651706
1071.0,,74.9061757348878,3.448281715359521,2,6,1,1071.0,
1266.0,13.338279900470797,,1.671064690933532,1,5,1,1266.0,16886.26235399603
2874.0,9.155564659084664,33.99051497407675,1.2177151814361122,0,10,1,1374.0,26313.092830209323
6246.0,7.35159956062841,,1.222081764220519,1,6,1,246.0,45918.09085568505
2859.0,9.329036194610278,38.17436456188119,0.817213755394151,4,3,1,1359.0,26671.714480390787
4246.0,5.474198668886153,86.9632900194352,1.3354101720555935,3,2,1,1246.0,23243.447548090604
3836.0,9.562840704033107,42.34208707635283,3.488987232450357,4,6,1,836.0,36683.056940671
3869.0,1.7851097992931226,71.43055280469662,,3,13,0,869.0,6906.5898134650915
674.0,12.233447413008797,75.53204588078648,4.163565585160228,3,1,1,674.0,8245.343556367929
3361.0,,61.012380251604235,3.5831043944351784,4,7,0,361.0,
1248.0,11.568453354245383,66.63728120360776,0.9969433853499621,4,7,1,1248.0,14437.429786098239
1815.0,4.549217628520322,37.01155010968769,1.8013435083317741,1,10,0,315.0,8256.829995764383
4877.0,10.559828883323148,22.655148364994098,1.8941309389511103,4,13,1,377.0,51500.28546396699
11862.0,10.86311354304476,44.31571209925791,1.6248062587892955,1,7,1,1362.0,128858.25284759694
2591.0,5.984564695620017,72.25302324250265,2.817525468693754,1,12,1,1091.0,15506.007126351466
2760.0,9.565367900425766,95.06438547587861,2.9099921669585265,1,11,1,1260.0,26400.415405175114
3224.0,7.520241085320963,,2.105986888269996,3,10,1,224.0,24245.257259074784
3151.0,,81.28518212282421,2.092051214313962,3,1,1,151.0,
104.0,7.0651658704689595,83.0757874602639,4.228500190577366,4,4,1,104.0,734.7772505287718
4969.0,,73.19879227807962,4.051817817438585,3,13,1,469.0,
,1.0307629177348288,40.82294860528024,1.8850812425633554,4,7,0,,
,5.984005310574115,92.57560245646638,4.612047997429666,3,11,0,,
4242.0,7.181614855052464,73.65858495246673,4.787667576511277,0,9,1,1242.0,30464.410215132553
4464.0,6.875915211442838,64.8352504784352,1.9703414391351837,0,5,1,1464.0,30694.08550388083
,1.1224132734983243,28.879157537078484,2.0949122695687468,4,13,0,,
735.0,8.827200733995909,55.764443504514034,,3,2,0,735.0,6487.992539486993
1793.0,9.983929079691078,56.8286616961541,4.735043656401531,3,7,1,293.0,17901.184839886104
1782.0,11.007155845834362,89.16508876181359,,1,10,1,282.0,19614.75171727683
4852.0,7.821545764483279,63.731857615023074,0.9615558316261541,2,1,1,352.0,37950.14004927287
219.0,3.1452578596026974,,,4,7,0,219.0,688.8114712529907
930.0,11.746507115426972,98.14402628085274,2.9901703538739732,2,6,1,930.0,10924.251617347085
3775.0,1.8774704511959783,28.857647466105256,2.76409612648193,2,7,1,775.0,7087.450953264818
1469.0,3.860406328186831,53.80387426495557,1.3723838057160171,4,14,1,1469.0,5670.936896106455
840.0,3.705652015650563,23.361974013712423,4.364675470256696,3,13,0,840.0,3112.7476931464726
216.0,8.183307841144122,118.78849449203163,3.546233523485768,4,10,1,216.0,1767.5944936871304
2938.0,9.287810094365106,93.44612417593206,4.270587686833116,2,3,1,1438.0,27287.586057244684
1250.0,,42.40298636403915,4.364439257072625,3,3,1,1250.0,
2031.0,5.140287134049393,88.66733414392966,3.867601341495829,0,7,0,531.0,10439.923169254316
1112.0,7.225683551639069,43.37745843695182,2.4764477056237277,4,13,1,1112.0,8034.960109422645
1764.0,11.184131016066795,92.86161293151322,3.2474603975694105,4,2,1,264.0,19728.807112341827
1181.0,6.027501988765612,120.47542843161406,1.2216443275388442,3,1,1,1181.0,7118.479848732188
4829.0,9.264773797386963,84.39254214731508,3.5314043786370846,0,9,1,329.0,44739.592667581644
,4.528650010570987,21.44052444803636,1.3066396508267633,0,9,1,,
8847.0,9.776953082314403,97.02482856592208,3.622773157295706,3,7,1,1347.0,86496.70391923553
659.0,11.684832992983043,78.13367936562585,1.533191723392859,1,7,1,659.0,7700.304942375826
3772.0,3.853083212337764,44.380087630890664,1.0289808506759899,4,3,0,772.0,14533.829876938045
4683.0,1.2981640195343258,86.35157318870776,,4,10,0,183.0,6079.302103479247
10329.0,11.78923746004423,,0.5089646084858162,2,2,1,1329.0,121771.03372479686
4170.0,7.884336745605921,89.82030716529023,3.734328280340886,3,11,1,1170.0,32877.68422917669
4899.0,6.98888451348013,29.00643123295496,3.795804720762706,2,7,1,399.0,34238.54523153916
1570.0,10.33633959661954,76.29487819686366,2.8172000746096675,2,9,0,70.0,16228.053166692678
680.0,5.167348776695892,63.25587813159282,1.2261326047492267,0,1,1,680.0,3513.7971681532067
2394.0,6.945594982787279,27.722757615635267,0.8759945187981039,4,13,1,894.0,16627.754388792746
3247.0,14.340691993126637,39.35150626070712,0.5860803489677915,2,14,1,247.0,46564.22690168219
4349.0,6.96142494972322,20.992322902185183,1.2458667963434933,0,4,1,1349.0,30275.237106346285
1779.0,6.510335236095126,,,3,6,0,279.0,11581.88638501323
3606.0,6.995333927748382,44.10122086080003,1.586915787657568,2,7,1,606.0,25225.174143460663
2844.0,3.4687343051698307,67.86859874382071,2.0942209724774705,4,10,1,1344.0,9865.080363902998
3456.0,13.832481056008717,43.77902461668938,0.9740546801659993,2,7,1,456.0,47805.05452956613
12435.0,8.376181045599925,65.99029338083815,1.5006258713667662,3,10,1,435.0,104157.81130203506
1343.0,11.351459630764916,79.45545589852827,2.836510568510923,2,2,1,1343.0,15245.010284117283
3218.0,6.215653344172354,,3.2348870739304365,4,14,1,218.0,20001.972461546637
2241.0,2.856600717658859,92.23159961535897,1.6040854137479497,0,4,0,741.0,6401.642208273503
3159.0,2.771731761523344,88.18110995129452,0.7597947165130274,4,5,0,159.0,8755.900634652244
,8.486389577211774,73.42437465811253,2.259647911073294,0,14,0,,
3059.0,,67.45772560859075,1.5539151691685036,1,12,1,59.0,
2365.0,8.86596844241217,91.38419985117218,1.4879926545341087,4,1,1,865.0,20968.015366304782
,8.492713258158709,34.82641436229716,4.819382612210549,4,1,1,,
4746.0,10.077580726520635,26.31753297526629,3.2733521866657584,3,10,1,246.0,47828.198128066935
,5.137612744682036,39.16081359276305,3.0059529942744314,2,3,1,,
1857.0,8.77851780725583,125.34939344402284,2.3709879658549484,0,10,1,357.0,16301.707568074075
4552.0,11.925408846701064,34.160432007178,2.4302495004356492,0,3,1,52.0,54284.46107018324
2170.0,8.582716597559427,66.62454680667918,,3,12,1,670.0,18624.495016703957
2949.0,11.025319661053828,99.63500129530479,3.6339341316624827,3,8,1,1449.0,32513.66768044774
3351.0,8.917704428068086,88.45568750700315,3.6596574328182325,2,9,1,351.0,29883.227538456158
3830.0,9.875439226619497,61.71565512348715,1.2726225846745232,2,14,1,830.0,37822.93223795267
2589.0,2.919204277772482,25.091272742931388,2.7505073843448216,4,11,1,1089.0,7557.819875152956
1731.0,3.948307762854105,,2.3538114276534587,1,12,1,231.0,6834.520737500456
2916.0,10.63283451233425,67.91828065417684,4.417371348212229,2,1,1,1416.0,31005.345437966673
1115.0,9.928868599886181,29.19463976476535,3.3413851454826937,3,14,1,1115.0,11070.688488873093
1448.0,8.118400391446285,27.508582785868498,,2,11,1,1448.0,11755.44376681422
4711.0,6.231780191994743,92.7701455549274,1.0192758898051282,0,2,1,211.0,29357.916484487236
3187.0,,73.53602103504628,,1,10,0,187.0,
2939.0,1.4771558316241318,86.34294394534044,,4,2,1,1439.0,4341.360989143323
435.0,,90.31831202258138,2.017429590045884,0,4,0,435.0,
,8.975743857200644,65.74178816386578,1.1427888416644933,0,2,1,,
995.0,6.889418592904313,61.3957081404033,3.61433141160966,1,7,1,995.0,6854.971499939792
3646.0,8.614695204366797,,1.4281345122626867,4,13,1,646.0,31409.17871512134
951.0,1.9030896238359052,45.355727023289546,2.263367179346117,3,9,0,951.0,1809.8382322679458
1787.0,7.122301246323833,54.76767686869694,4.530536499284504,4,7,0,287.0,12727.552327180689
2031.0,,,1.4194237252953663,2,12,1,531.0,
3846.0,8.56358908936539,68.15387448121052,2.785122787814506,0,6,1,846.0,32935.56363769929
2527.0,7.8451664913875705,91.4018631963877,2.3867224752470992,2,10,1,1027.0,19824.73572373639
1668.0,,,0.5815581847057838,3,1,0,168.0,
4100.0,5.114383526208226,68.56716629750032,4.067411511077657,2,11,1,1100.0,20968.972457453725
2838.0,3.203137854457891,70.5046042473591,0.8107065784156988,4,10,1,1338.0,9090.505230951494
3598.0,7.78208550903153,67.33577298450604,2.6341475943962913,2,9,1,598.0,27999.943661495447
4013.0,4.810308819699022,76.2107018468413,3.0230523272252747,3,5,1,1013.0,19303.769293452173
1166.0,10.443937504951247,38.9946774699845,3.327919054765642,3,11,1,1166.0,12177.631130773154
4480.0,4.266636010995935,60.98910220366325,,3,5,1,1480.0,19114.52932926179
2544.0,10.289502584005753,28.337984224667814,1.6397257258522178,4,6,1,1044.0,26176.494573710635
4207.0,12.633000375859993,50.760906211585,,3,9,1,1207.0,53147.03258124299
3473.0,8.619248591728509,59.01336548970115,,0,13,1,473.0,29934.65035907311
4069.0,2.6087356601297165,72.17794076363779,2.910454697064104,3,8,1,1069.0,10614.945401067816
2646.0,7.274249175837905,96.04248420689628,4.26252966443262,2,8,1,1146.0,19247.663319267096
853.0,2.6098991108777714,68.05208532386847,4.196247633053124,2,14,0,853.0,2226.243941578739
2182.0,4.8292293072701815,79.48751329412478,4.294967755045475,2,8,0,682.0,10537.378348463537
2874.0,11.454354220948154,60.50128475961622,2.682925969907931,4,1,1,1374.0,32919.81403100499
2996.0,3.2286941542911785,70.72832251010651,2.0013277812658954,2,1,1,1496.0,9673.16768625637
4285.0,8.335537428027255,25.674577290701876,4.062011911661164,4,8,1,1285.0,35717.777879096786
875.0,9.344523684706175,40.35132646734776,2.5308235086316473,4,5,1,875.0,8176.458224117903
1725.0,8.185978334428665,48.948247456411096,1.3254898838154552,3,9,0,225.0,14120.812626889447
3169.0,10.083901258846264,57.799468400521086,4.347383088026635,0,2,1,169.0,31955.883089283812
517.0,4.41165120254879,23.6518996401907,4.471519445475563,3,9,1,517.0,2280.8236717177247
214.0,5.810029615889677,31.201927804265416,2.5983939026307654,3,12,1,214.0,1243.346337800391
716.0,7.343370147325866,42.14514462330446,0.8406487728940436,4,14,1,716.0,5257.85302548532
4074.0,2.762944906368878,97.72261527208406,2.2452174046261906,4,8,1,1074.0,11256.237548546807
3367.0,,46.50776056824406,4.1159194675817155,2,9,1,367.0,
2775.0,3.690361373961018,58.5632846489666,4.557983128458029,2,4,1,1275.0,10240.752812741825
1616.0,1.7666880062401007,35.68781701907143,1.4156273412391813,3,1,0,116.0,2854.967818084003
9738.0,7.326522918517767,68.86240568606146,0.8013812541137219,1,1,1,738.0,71345.68018052602
512.0,,42.45465724127794,4.4480770390977735,1,5,0,512.0,
828.0,5.768200165233209,36.55940627507414,2.2523222254049386,2,2,0,828.0,4776.069736813097
3448.0,10.390693079059542,61.32581027567832,2.937924339204035,1,14,1,448.0,35827.1097365973
2908.0,11.229835003394577,20.440463932833666,4.856296154228415,2,8,1,1408.0,32656.36018987143
775.0,4.055548754319808,20.613122611938024,0.7995412756140028,4,10,0,775.0,3143.0502845978513
3565.0,4.303256102188229,37.52550472814862,3.41743103353443,3,11,1,565.0,15341.108004301035
7812.0,5.7815243618728,22.93770900006569,0.8334744015869018,0,5,1,312.0,45165.268314950314
3067.0,9.340303399963556,28.64206033045531,2.189610178099252,3,5,1,67.0,28646.710527688225
2886.0,,47.10885194710013,4.117165453370511,2,2,1,1386.0,
,0.6354180530021258,84.20685436638503,2.450625047400355,2,7,0,,
4179.0,10.192094765812525,65.76389146954406,4.987320592563277,3,13,1,1179.0,42592.764026330544
1671.0,2.024474218572665,61.01341807651331,3.0157667822597096,2,8,1,171.0,3382.896419234923
2243.0,8.10985994315142,43.47910585664973,1.9452296868617907,1,10,1,743.0,18190.415852488637
1787.0,10.97355967442577,94.54029755462531,1.490500966571389,1,13,1,287.0,19609.75113819885
4232.0,10.31589562640379,51.76120329897533,2.0773424042877284,2,1,1,1232.0,43656.87029094084
3951.0,8.922781473718148,26.96742134366172,2.1763997319179786,2,2,1,951.0,35253.9096026604
3540.0,9.298035256566664,69.3653212894241,0.8092115497578244,1,10,1,540.0,32915.04480824599
3866.0,4.6675485719045895,29.107071478128113,2.163083897420479,2,4,1,866.0,18044.74277898314
7278.0,12.892570366939104,47.61785142413537,2.589073338826512,2,5,1,1278.0,93832.1271305828
9042.0,3.9784343619412015,60.592955097424706,3.752319885074621,3,13,1,42.0,35973.00350067234
4052.0,9.72767277830501,89.93780197481406,3.455282681247236,0,2,1,1052.0,39416.5300976919
,9.087166651958663,59.48372642720949,3.689445448531194,1,1,1,,
,,76.18070128253314,,3,9,1,,
1465.0,,99.42534711992563,1.4795032981124123,0,14,1,1465.0,
4592.0,7.1093791774185675,45.778694387757795,3.477579297799354,2,1,1,92.0,32646.269182706063
798.0,,41.97852204156156,2.6779521568088622,2,13,0,798.0,
495.0,7.849676870025385,51.56608604781171,0.5239106405075568,3,4,0,495.0,3885.5900506625653
,4.899402340766579,53.74625428310651,4.120225890943201,2,2,1,,
4460.0,3.8793815557952342,52.88168602124366,,4,11,1,1460.0,17302.041738846743
2602.0,5.007052023940556,138.9133203067866,2.967886233471032,3,4,1,1102.0,13028.349366293327
5757.0,3.3105241836348664,,0.7990849659932245,0,8,1,1257.0,19058.687725185926
817.0,9.639083038394183,68.6324171272563,3.9493177228966307,3,8,0,817.0,7875.1308423680475
2882.0,,44.74981742902257,3.1267111447911375,1,11,1,1382.0,
3677.0,14.604855595875812,85.90323073770358,4.0188198972108164,3,12,1,677.0,53702.05402603536
243.0,4.3672011274911835,144.60726137819867,3.882861465781282,2,9,0,243.0,1061.2298739803575
,2.1205522904939214,85.69586260401812,4.113509323810267,2,13,1,,
4591.0,12.705318932337274,30.18781262297675,2.8310362988208118,4,11,1,91.0,58330.11921836043
3038.0,,70.91210961467256,1.1314603318708174,4,12,1,38.0,
3736.0,8.965240839487105,24.090830515368058,3.520208630208599,4,5,1,736.0,33494.13977632383
3322.0,5.772464745367905,40.60857762669775,3.2921320327338677,0,7,1,322.0,19176.127884112182
1267.0,10.026747070120912,37.142964041732604,3.8401393423958923,4,3,1,1267.0,12703.888537843195
,4.275597233902963,,1.2644645272283088,0,10,1,,
1162.0,13.823161332316836,74.92719307940854,,4,4,1,1162.0,16062.513468152163
2256.0,9.940059849663124,29.159011045272408,4.506842827486978,0,10,1,756.0,22424.775020840007
,8.51170970627744,50.707110643598355,3.8749000930343187,3,9,0,,
3394.0,5.990791606722431,56.498920716443365,4.587028199151453,3,10,1,394.0,20332.746713215933
4829.0,9.415768747504764,,,2,10,1,329.0,45468.747281700504
3768.0,3.4721777947847783,29.682000038815445,3.1871988769563586,0,14,1,768.0,13083.165930749044
832.0,,53.515823214998036,3.4435973166254317,1,12,1,832.0,
4430.0,,80.09424382467344,4.501075657730045,2,1,1,1430.0,
4946.0,,25.680613162660435,3.104630395303732,3,2,1,446.0,
1053.0,12.057958165533405,26.414401126552278,3.3457609594777433,0,5,1,1053.0,12697.029948306676
2639.0,12.167207668924448,48.38170334687874,1.2041452220162026,4,3,1,1139.0,32109.261038291617
3424.0,10.986830152327563,95.33805692951401,2.6326454905224623,1,2,1,424.0,37618.906441569576
,6.7211508241479905,73.48581173783313,3.723787003811445,3,1,0,,
1642.0,7.745989043137394,74.29359653380519,1.7192421424236444,2,10,1,142.0,12718.914008831602
1291.0,4.232752558925708,,1.410143812360407,0,3,1,1291.0,5464.483553573089
3093.0,12.122974741841851,67.49286329668308,,1,1,1,93.0,37496.36087651685
2781.0,1.8366374687626736,20.81049472221947,1.5867528259677506,0,12,1,1281.0,5107.6888006289955
1317.0,9.193503995862613,70.88768371276338,1.4671068666637814,4,1,1,1317.0,12107.844762551062
1640.0,9.604264509325766,,2.411828792906391,2,12,1,140.0,15750.993795294256
3336.0,,69.00587746758553,4.585273312475904,0,1,1,336.0,
2486.0,10.03642020363882,89.89588747730761,2.7817684103242324,3,8,1,986.0,24950.540626246104
3819.0,6.9229653537986735,116.87676665593125,1.3456417136689536,2,3,1,819.0,26438.804686157135
1488.0,11.03591853883028,29.644673312295218,0.8463725122139334,3,11,1,1488.0,16421.44678577946
5868.0,,92.19626458286734,3.6327026531206634,0,1,1,1368.0,
1465.0,7.581798390169436,,,2,7,1,1465.0,11107.334641598225
599.0,4.930514770376584,62.7173978038211,4.198239259634117,3,10,0,599.0,2953.378347455574
5340.0,10.007341151581539,31.370969903476613,3.4677984588834656,4,3,1,840.0,53439.20174944542
610.0,10.10506945688229,,4.0830865274361585,4,8,0,610.0,6164.092368698197
4412.0,3.1318973571508444,53.76274081021112,1.7237571773830194,0,4,1,1412.0,13817.931139749526
1424.0,,43.6032566123325,,2,4,1,1424.0,
1255.0,,,1.6882789311217345,1,5,1,1255.0,
1927.0,9.692119417243687,66.17599093876407,4.725808157526312,2,6,1,427.0,18676.714117028583
3241.0,4.950446194938098,23.499125784715787,3.3636842669001847,4,7,1,241.0,16044.396117794377
3586.0,12.154899254286313,29.84026360989965,1.9603031007890395,3,14,1,586.0,43587.46872587072
1910.0,14.04165340530105,64.69139171603402,1.712803380315227,1,14,1,410.0,26819.558004125007
3023.0,5.51851530281092,47.45338825381266,1.359169632822396,0,4,1,23.0,16682.471760397413
2314.0,6.07336569763002,78.33387900395584,3.625884315021775,1,8,1,814.0,14053.768224315867
4286.0,10.952045376410924,72.18333188735517,1.484220258490673,0,13,1,1286.0,46940.46648329722
813.0,5.9774676848137664,87.64834903919254,,1,6,1,813.0,4859.681227753592
3702.0,10.569361568931395,75.39942613353801,1.690857621164108,0,14,1,702.0,39127.776528184026
,9.732748113814461,54.394486191211854,,0,1,1,,
10866.0,2.8794491875664483,73.8373297915546,4.167228778432426,1,1,1,366.0,31288.094872097026
4368.0,10.886700857088744,,4.001113594150939,1,9,1,1368.0,47553.10934376364
4848.0,7.232254988444148,44.505079902257016,3.923830989188518,0,10,1,348.0,35061.97218397723
4949.0,7.173954574727727,83.11881279366347,1.3447508256151344,4,6,1,449.0,35503.901190327524
1343.0,4.645229646522374,55.71356131212657,0.8977322614303342,1,10,1,1343.0,6238.543415279548
,8.894450958261825,83.8704272414682,3.6452697281932354,2,8,1,,
3543.0,5.414828298975916,85.79378989346228,2.157562462074581,3,13,1,543.0,19184.73666327167
,7.135008346618589,88.6049870129027,2.445558018815063,0,7,1,,
994.0,10.866367467393072,93.33081886729659,0.6401709175702598,0,12,1,994.0,10801.169262588714
,6.239374048853895,54.4788176410637,1.6680940217377214,3,6,1,,
2058.0,7.851855675635738,45.509345465691105,0.651543817435088,4,4,0,558.0,16159.118980458348
3172.0,4.127912456867149,66.5758997275291,4.456335976705614,3,7,0,172.0,13093.738313182595
2096.0,,49.69379387501021,1.595285074483387,1,9,1,596.0,
4385.0,,68.08593334401863,3.0080172630785365,3,14,1,1385.0,
604.0,12.10590768926832,76.44686901150597,0.6754069429750869,0,11,0,604.0,7311.968244318065
1314.0,7.194854379528581,75.07240147937095,3.500813260875461,3,10,1,1314.0,9454.038654700556
1631.0,3.874242485820802,49.96423096160971,1.9536230558934224,2,10,1,131.0,6318.889494373728
3540.0,3.208057548850288,33.34881613590022,4.540636341309496,1,14,0,540.0,11356.52372293002
923.0,,54.4423470769766,4.496531850203161,3,7,1,923.0,
1028.0,9.976893633975127,31.4075315265527,1.963807782627865,0,1,1,1028.0,10256.24665572643
233.0,7.371835032595844,91.20776281470467,4.5543240306071056,1,10,1,233.0,1717.6375625948317
2205.0,11.628698962937019,47.67019685902859,4.982709530744505,0,9,1,705.0,25641.28121327613
3727.0,6.999847095040074,32.3567797778659,4.214370488557766,4,13,1,727.0,26088.43012321436
4880.0,6.447988407016121,22.035820792460072,,2,4,1,380.0,31466.18342623867
1952.0,8.645236063969323,71.66579090291874,1.6205393124909047,4,3,0,452.0,16875.500796868117
4275.0,8.567641709627122,70.95218539637946,3.0951607948599036,2,4,1,1275.0,36626.66830865594
3033.0,2.472290254842859,47.248333326503335,0.8026516128531553,3,4,0,33.0,7498.456342938391
3384.0,4.914120106892213,25.736951107812082,0.9271307156975137,1,13,1,384.0,16629.38244172325
4398.0,5.013842994468,,4.995016754149808,3,10,1,1398.0,22050.881489670264
,8.13211291817816,,1.9698766224165993,2,11,0,,
,7.538135501472085,74.16965117880075,3.8668276042198086,2,2,0,,
3612.0,6.914338924545814,68.46233995621523,4.129992738620674,2,14,1,612.0,24974.59219545948
1356.0,12.476201229290417,49.167498255803196,4.361104719532531,0,12,1,1356.0,16917.728866917805
,,37.43140434039921,,1,14,0,,
3586.0,7.123108267317662,99.04287729244734,1.5867341836559052,3,1,1,586.0,25543.466246601136
3684.0,11.782544262446756,84.48019454353378,0.6815787208686487,3,12,1,684.0,43406.89306285385
1496.0,4.736486009739342,75.06193886241897,2.350361830975637,4,10,1,1496.0,7085.783070570055
3737.0,1.4202980162034602,31.244237406268862,1.0853630142302613,2,12,0,737.0,5307.65368655233
3430.0,,58.84717597275183,0.6009165012292481,2,1,0,430.0,
2803.0,3.7859334618169793,22.202937589557237,2.1219207221366876,2,13,1,1303.0,10611.971493472993
570.0,7.637313275749218,60.436409432835994,4.026822129838564,3,14,0,570.0,4353.268567177054
1453.0,14.220942880895349,97.12139256941619,3.047813110512819,4,8,1,1453.0,20663.030005940942
2883.0,3.78609246033542,50.736537038864014,1.9075009514465933,0,14,1,1383.0,10915.304563147016
2931.0,1.2714674500664254,23.119681005992927,3.4445390247172387,1,2,1,1431.0,3726.671096144693
457.0,6.927084181836662,22.47646327354748,1.5440818113896482,0,12,0,457.0,3165.6774710993545
3119.0,11.410989850456446,51.03894079574956,0.5647165073243826,3,10,1,119.0,35590.87734357365
767.0,3.6951303497363486,49.202992375583285,3.9395902389639232,2,5,1,767.0,2834.1649782477793
4568.0,9.688392266244875,21.868167706254873,3.306843881888041,1,12,1,68.0,44256.57587220659
1245.0,4.440785085912539,80.49708911601414,3.93036181025432,3,4,1,1245.0,5528.777431961112
,2.633861551720898,,0.6752210750944952,3,8,0,,
3819.0,11.146205023803455,43.139581757812365,4.267038325237935,3,2,1,819.0,42567.3569859054
2845.0,9.81127723095771,92.00665464131846,3.287867900163365,1,10,1,1345.0,27913.083722074687
,1.532987067239301,29.29111681604205,,1,9,1,,
2879.0,,96.47350631642554,3.310763216515392,4,7,1,1379.0,
4236.0,,45.117337390188226,4.389949610907639,4,13,1,1236.0,
4935.0,13.525460263798625,91.0722937846945,3.141214279515082,0,7,1,435.0,66748.14640184621
3875.0,4.827799402656945,68.23543011835693,3.114276709496807,1,1,1,875.0,18707.722685295663
2608.0,8.113111080287556,86.136588779319,4.958056206795947,1,14,1,1108.0,21158.993697389946
2879.0,9.180013005104442,98.72105305683715,3.905285751808556,1,12,1,1379.0,26429.25744169569
,9.072347137509656,43.07243502549966,2.490322124530109,4,2,0,,
3056.0,1.411326150365113,96.89083883260744,3.6832865001481747,3,4,0,56.0,4313.012715515786
1681.0,1.5137433978581554,51.15855159219363,2.251537122613048,2,4,1,181.0,2544.602651799559
3424.0,4.69814429425174,50.84095237895379,1.5299395811757455,4,11,1,424.0,16086.446063517958
4585.0,,47.230968340360455,3.1858334459949176,1,14,1,85.0,
355.0,6.57740093042298,63.312608587806814,4.676819441512782,4,3,1,355.0,2334.977330300158
4904.0,11.480176858787324,32.33160345427897,4.681127840069582,0,7,1,404.0,56298.787315493035
1938.0,13.827912749157546,64.2969188286409,2.0385737514747064,1,12,1,438.0,26798.494907867323
2044.0,2.6972458284637058,63.33638499280032,2.8745485979976273,0,8,0,544.0,5513.170473379814
109.0,11.255403292732264,80.9521450083896,1.4523615435643755,1,2,1,109.0,1226.8389589078167
2971.0,9.345924722730956,86.69199695500684,4.980339992744976,4,4,1,1471.0,27766.74235123367
897.0,10.431779105149818,55.23530802499393,4.915030585405711,3,14,0,897.0,9357.305857319387
3345.0,3.0742777244061035,44.1866599481195,3.422790183683513,2,3,0,345.0,10283.458988138416
1924.0,9.660840986172751,40.746791785367556,,0,2,1,424.0,18587.458057396372
4569.0,9.316913859475752,,3.71795072577665,4,12,1,69.0,42568.979423944715
3236.0,9.609263301772135,,3.169211985677607,3,13,1,236.0,31095.576044534628
2293.0,11.561636138475807,47.395838306777065,0.7400659864500396,4,14,1,793.0,26510.831665525024
323.0,9.60045080229137,41.61981537046266,2.5464395414869747,0,6,1,323.0,3100.9456091401125
4258.0,6.991741670822743,97.31339086931258,3.5365383597533473,2,13,1,1258.0,29770.83603436324
4025.0,10.727751079435778,64.61670610000351,3.548892262476581,4,4,1,1025.0,43179.19809472901
4884.0,9.861279032751725,,2.179051782900726,1,6,1,384.0,48162.48679595942
4100.0,3.6088720910726337,66.43740807949568,4.737613939961138,3,2,1,1100.0,14796.375573397798
1733.0,11.283424500923347,,1.2531066450655146,4,12,1,233.0,19554.17466010016
2252.0,10.616122496229707,55.523499936176236,2.751617507970023,3,4,1,752.0,23907.5078615093
610.0,,70.0987457136851,3.6089778944787025,1,11,1,610.0,
484.0,6.787543176606512,59.11182654339611,3.6371111265131417,2,6,1,484.0,3285.170897477552
504.0,8.483102761937516,52.14230405234594,3.41887530545967,2,14,0,504.0,4275.483792016508
4713.0,4.806447456905679,99.50787111197586,,1,5,1,213.0,22652.786864396465
4671.0,11.076524061384795,90.42518097191416,1.2029295590897988,3,3,1,171.0,51738.44389072838
2100.0,1.5287075323850485,69.87247665275521,3.361731470720199,4,8,1,600.0,3210.285818008602
2856.0,10.186895002171179,65.55018889458262,3.1968595226274696,1,7,1,1356.0,29093.772126200885
1768.0,10.696623832010673,69.65283838596673,1.3071020463015843,0,3,1,268.0,18911.630934994868
1560.0,2.429054661944021,36.10496862579466,3.673126155067535,3,6,0,60.0,3789.325272632673
3736.0,11.829520574938309,51.61101946114549,2.5482739628014537,2,4,1,736.0,44195.08886796952
2824.0,4.862869182789122,23.156762631271945,3.504922662214188,1,11,1,1324.0,13732.742572196481
4909.0,13.320941673405652,58.04368299894613,,2,5,1,409.0,65392.50267474835
4278.0,7.837195680629166,63.44196671661305,1.2637779285961543,3,11,1,1278.0,33527.523121731574
,10.139205325949831,38.21997888825677,0.586151905985765,2,5,1,,
4246.0,11.803638709890691,97.1223077732411,,1,7,1,1246.0,50118.24996219588
4880.0,10.369973881503487,92.75636887497936,3.2436384131867717,3,11,1,380.0,50605.472541737014
2448.0,7.562824565906707,77.77145883647248,,0,5,1,948.0,18513.794537339618
4644.0,,62.670930301229006,4.271697387448891,1,11,1,144.0,
4683.0,10.46980166690554,89.5975327718148,4.112649206710252,4,3,1,183.0,49030.08120611864
1923.0,10.884058128351302,30.452187505877035,4.824140661179711,1,10,1,423.0,20930.043780819553
2181.0,9.12397861900445,83.2407835419908,,3,5,1,681.0,19899.397368048707
10557.0,,29.985665117347864,2.698230346969574,1,7,0,57.0,
1674.0,7.805276809321347,83.53685300395243,2.3084923995082853,0,5,1,174.0,13066.033378803935
349.0,12.70882940996913,42.06140546010856,,0,5,1,349.0,4435.381464079226
,1.8557231365424576,,3.076732547969101,4,9,1,,
4633.0,8.301710827954281,95.52336750603183,1.7465563594669045,2,3,1,133.0,38461.82626591218
2265.0,1.326232602266803,,4.645883804958389,3,13,1,765.0,3003.9168441343086
870.0,7.252719548379999,57.01404840523148,3.124358619246939,3,6,1,870.0,6309.866007090599
4062.0,4.015801878061384,98.47899025301481,3.167780812286496,2,1,1,1062.0,16312.187228685343
4463.0,7.406505866948403,58.67259487785173,2.0971609739465453,0,10,1,1463.0,33055.235684190724
2084.0,7.829402135353771,89.08380180116362,0.7339520838996837,0,5,0,584.0,16316.474050077259
1177.0,6.867508104719603,67.09852177050558,0.6428469441784488,1,8,1,1177.0,8083.057039254973
335.0,8.665399162188766,50.02639263356815,2.405008148689389,4,5,1,335.0,2902.9087193332366
488.0,6.150844619351673,42.862684442069614,0.8805442014375704,4,9,1,488.0,3001.6121742436167
3137.0,7.497232354711587,36.257847286886985,3.230811299930626,4,11,1,137.0,23518.81789673025
4958.0,4.861922833566041,,4.464378525378459,1,6,1,458.0,24105.41340882043
5844.0,5.185687196933043,50.92324054584223,4.47311667433425,4,8,1,1344.0,30305.155978876704
4819.0,,60.90203697606009,3.4657043455950456,2,10,1,319.0,
8742.0,11.269717828298017,,1.4505432416281896,1,8,1,1242.0,98519.87325498127
3474.0,8.927515749258234,66.1823223386505,4.383485741114924,2,13,1,474.0,31014.189712923104
,7.164768253105738,89.24617164996418,4.487420458909437,1,3,1,,
,4.90962289784387,98.45914748667435,1.384941132288314,4,7,0,,
4081.0,,52.606736685905354,3.8184173859680475,2,14,1,1081.0,
4773.0,5.893742007606666,86.20151376850424,1.7893379701720533,2,7,1,273.0,28130.830602306618
2222.0,9.140269782595038,81.16222357237741,4.111881405588184,2,14,1,722.0,20309.679456926173
4630.0,3.6358801016058244,65.88231611644586,4.987570549566212,1,10,1,130.0,16834.124870434967
2250.0,8.380655518726273,96.48377148895464,0.6351170239822677,3,12,1,750.0,18856.474917134114
4959.0,4.262443326811186,36.037961242272225,4.538146396059194,4,6,1,459.0,21137.456457656674
,5.191591558195439,28.74113682476971,3.301837401193961,2,12,0,,
1458.0,10.187516713604019,88.31695735643378,4.8802217862416954,3,7,1,1458.0,14853.39936843466
2582.0,7.312295966113373,55.13198533069986,2.592542828868924,4,14,1,1082.0,18880.348184504728
4642.0,8.410565877843935,87.75750833656484,4.313245687571182,4,2,1,142.0,39041.84680495154
2117.0,11.952092052359367,91.44721641563319,0.7807733086922475,2,9,1,617.0,25302.57887484478
,10.738973511910697,24.996607489525715,2.008755725352331,2,10,1,,
4444.0,8.148610009336785,90.67718103888485,0.8015744198804449,1,10,1,1444.0,36212.422881492676
,14.015387536598253,55.86552442955377,4.889044100655817,3,1,1,,
1458.0,,,4.1763825827232655,3,1,1,1458.0,
4737.0,6.434761195052677,70.12740088745682,4.336463395606867,2,3,1,237.0,30481.463780964532
4954.0,0.32822988314309465,94.11060853840694,4.720843541452524,4,14,0,454.0,1626.0508410908908
3277.0,9.80399396454667,21.52928755438112,0.8829656875390341,2,3,1,277.0,32127.688221819437
2228.0,9.338702387876543,58.14747746542537,2.23518916631,4,1,1,728.0,20806.628920188938
2280.0,5.96588789558832,75.01776339444486,0.8196570006980095,4,12,1,780.0,13602.22440194137
4992.0,9.440202054627822,77.81655661585827,1.4485689569751288,2,7,1,492.0,47125.48865670209
237.0,4.814962541449546,113.10389178445297,1.5321459966695257,0,4,1,237.0,1141.1461223235424
3572.0,11.674080022705066,30.75481035264975,2.610982449714104,3,10,1,572.0,41699.8138411025
2932.0,,,1.7085297535413917,4,13,1,1432.0,
3679.0,4.548305509542884,48.69724203336108,,4,2,1,679.0,16733.21596960827
,7.305168379382069,84.3549766143604,1.2537099009234847,0,10,1,,
4264.0,3.5225099715822936,,1.1627400359844091,1,5,1,1264.0,15019.9825188269
8079.0,2.9270908890628573,36.85639710937625,4.8788455906053425,0,6,1,579.0,23647.967292738824
4400.0,5.162890947890551,96.5958415230477,3.9168162811331313,0,9,1,1400.0,22716.720170718425
3918.0,8.458405131969311,20.709062809077512,4.854926593713029,4,4,1,918.0,33140.03130705576
,5.8624612579887305,99.82566845455825,2.4788321892855887,3,2,0,,
3923.0,4.4497247333734204,74.14570390859166,1.7526581674819548,0,5,1,923.0,17456.270129023927
4142.0,9.255629319321304,,4.09231938744134,1,3,1,1142.0,38336.816640628844
2006.0,9.811059785036681,43.56955170769545,1.9681426311851604,2,2,1,506.0,19680.985928783582
860.0,3.0711765486287406,21.145222213364796,1.8472251816740672,0,12,0,860.0,2641.2118318207167
3545.0,8.977647394715863,79.0295614849224,1.5462769649352404,0,1,1,545.0,31825.760014267733
2997.0,5.654704374842431,86.73156776005406,1.083555402009059,1,10,1,1497.0,16947.149011402766
4555.0,3.1076209310725944,79.23809055628153,1.6540837745754469,3,2,1,55.0,14155.213341035667
3047.0,7.4228714194605345,31.428022984067088,2.0989388681324948,0,6,1,47.0,22617.489215096248
1819.0,,80.27423378055752,3.532973936655787,0,8,1,319.0,
380.0,,81.51382256861127,0.7815417899875321,3,13,1,380.0,
3366.0,8.646297441081506,72.6832412536044,1.4472812284940433,1,3,1,366.0,29103.43718668035
1987.0,3.5205594067733754,81.28927462364689,4.140606381312544,0,11,0,487.0,6995.351541258697
3366.0,9.536842919021097,87.67371517421857,1.1611486561269684,3,9,1,366.0,32101.013265425016
766.0,3.40755432852891,69.08832913899667,2.041903159351347,0,12,0,766.0,2610.186615653145
4288.0,13.466747919922334,27.088377117574325,4.39096514836163,2,9,1,1288.0,57745.41508062697
771.0,8.582690406868574,59.01022477337687,1.197163900145492,4,2,1,771.0,6617.25430369567
,10.756666521955982,26.211946773728407,0.8723157602818545,2,8,1,,
4256.0,9.831476865310526,52.60344248259447,2.6804209778600487,0,10,1,1256.0,41842.765538761596
3222.0,1.0948422193974943,52.56851913005021,1.8608878007534138,1,11,0,222.0,3527.5816308987264
4799.0,9.308908789268589,25.280787531219325,3.0353376401773433,4,12,1,299.0,44673.453279699956
4877.0,11.760748684575677,47.905642717558344,4.117122007175638,2,5,1,377.0,57357.17133467558
4000.0,8.127578765642472,28.879847903305187,1.1171681966873441,3,4,1,1000.0,32510.315062569887
623.0,9.454693950615528,84.65881680073777,3.113145880494282,1,10,0,623.0,5890.274331233474
2493.0,10.703462917533619,95.81504207715766,2.7747894217543876,2,5,1,993.0,26683.733053411313
3217.0,2.8215514996076534,,1.1483545370593982,3,4,1,217.0,9076.931174237821
2693.0,3.3784432479063926,96.40921658333612,3.307993184880421,0,8,1,1193.0,9098.147666611916
2068.0,7.4696354274003305,61.80612794693961,1.7313818803734724,3,4,0,568.0,15447.206063863883
1853.0,7.713624035367744,43.96525423630991,2.6952544334480564,2,13,1,353.0,14293.34533753643
2396.0,8.64136516471152,26.14896602209308,0.8702254592467784,2,10,1,896.0,20704.7109346488
2361.0,12.256192774734416,60.04994144563342,2.5681282574613036,0,12,1,861.0,28936.871141147956
2386.0,4.64126334199313,83.56124355925989,,3,13,0,886.0,11074.05433399561
4302.0,2.77801311932629,76.56691818133585,4.200715450334094,3,14,1,1302.0,11951.012439341699
2978.0,9.30928595786579,24.0180809171179,0.7564042714881573,0,6,1,1478.0,27723.05358252432
4243.0,,25.832146829432283,2.383732737132485,3,2,1,1243.0,
3744.0,10.986305064336035,52.229862610610965,2.5629414085914712,0,5,1,744.0,41132.72616087412
,6.0242645537274395,43.623239523835466,3.7625273433460342,1,6,1,,
,11.505467704956335,38.59074584448383,3.0842940879059495,2,5,1,,
4820.0,5.773101135300935,42.48035991269709,3.5024555173738148,1,12,1,320.0,27826.347472150508
1376.0,8.457169592366927,84.27861946375077,3.9967217854329027,4,2,1,1376.0,11637.065359096892
2866.0,,,4.379913381461849,4,14,1,1366.0,
402.0,5.932427336059116,52.408215562205314,1.9124397352511173,4,7,0,402.0,2384.8357890957645
738.0,4.419200001072648,92.48888017059977,2.9211021741375633,0,4,1,738.0,3261.369600791614
155.0,11.085233310976715,45.71965609983056,4.2804863529764,3,8,1,155.0,1718.211163201391
4921.0,9.712686902468965,58.11495890750333,4.952530089342754,1,7,1,421.0,47796.132247049776
625.0,2.4732567767374753,38.08231982527998,4.502836899696934,1,7,0,625.0,1545.785485460922
4669.0,1.7367402347338967,71.23808337406751,2.171602681809696,1,9,1,169.0,8108.8401559725635
4223.0,2.445626296332649,98.31848921398472,1.378249327483927,1,1,1,1223.0,10327.879849412777
2225.0,8.95157210821397,,2.7022664183296494,4,10,1,725.0,19917.247940776084
3387.0,7.97536597143165,72.93769009362586,3.83738653326219,1,6,1,387.0,27012.564545238998
464.0,7.6668429623526,71.82539567924226,2.7165608183898393,3,6,0,464.0,3557.4151345316063
4721.0,4.670645759206161,29.833654277231005,2.6743138849115082,4,6,1,221.0,22050.118629212287
1746.0,7.756243267060627,91.09272642123189,,1,13,1,246.0,13542.400744287856
1018.0,6.470972842249993,60.24671606238691,2.1263170058023384,0,12,1,1018.0,6587.450353410493
2897.0,8.812420924388674,55.94797936317136,,2,6,1,1397.0,25529.58341795399
1631.0,13.320991713623863,66.86918307628153,2.330621604282756,2,12,1,131.0,21726.537484920522
3445.0,5.0727015729489215,,1.9770489755525273,2,10,1,445.0,17475.456918809035
2006.0,10.623787469852552,25.742064498121042,2.5429546003986454,4,7,1,506.0,21311.31766452422
3186.0,6.39614676005184,,3.931011314036908,1,14,1,186.0,20378.123577525163
4680.0,5.338997072060648,39.35453442524236,1.0670091253879743,4,10,1,180.0,24986.50629724383
2175.0,9.859122178090782,77.11621060052718,1.3838864714240782,3,6,1,675.0,21443.59073734745
,,85.80278355073574,4.7815017154839135,0,1,1,,
1162.0,12.8551883439887,84.31668060420162,1.2897123232161083,0,3,1,1162.0,14937.72885571487
2076.0,1.3391786206051404,64.20007739263113,,2,2,0,576.0,2780.1348163762714
1396.0,1.3396510182236165,61.613591384860094,3.1069150999787203,2,6,1,1396.0,1870.1528214401687
225.0,12.207705339305173,31.430076907152937,2.7033100792261013,2,8,1,225.0,2746.733701343664
4732.0,6.1436009662612925,82.02769203225085,3.4013536185956834,1,3,1,232.0,29071.519772348434
3696.0,2.9718324658225512,41.71275043573715,1.534220266089283,3,10,1,696.0,10983.89279368015
3383.0,2.559315036683143,59.73563382543573,2.986980204995367,3,8,1,383.0,8658.162769099074
1703.0,5.703168512310989,42.74192743420134,2.174779648611037,3,8,1,203.0,9712.495976465614
166.0,10.535284515305511,30.706269039975453,3.4775026683313506,3,5,0,166.0,1748.8572295407148
332.0,3.9680939015637824,70.36461575133893,1.1355059451791725,2,8,0,332.0,1317.4071753191758
2256.0,6.404100927198035,24.346562785832305,,0,6,1,756.0,14447.651691758767
1269.0,2.387123218901869,79.891618730096,1.3337165992249567,2,5,1,1269.0,3029.259364786472
2258.0,,45.406943620889336,1.7538937840176638,3,9,1,758.0,
4306.0,3.291453515233094,20.010775440358827,1.4841941014561244,2,14,1,1306.0,14172.998836593704
1593.0,7.524652439102994,60.89033113897838,1.322770009409677,3,7,0,93.0,11986.771335491068
4818.0,4.9797589469553,23.74815268220825,4.215699282023001,4,8,1,318.0,23992.478606430635
4107.0,12.76894802501372,42.09356462567196,1.7856840544740065,0,1,1,1107.0,52442.06953873135
,4.454246977338505,76.5581189964573,4.672057018390022,4,11,0,,
2760.0,6.2623245425112595,25.015169729749267,4.864669364053359,1,2,1,1260.0,17284.015737331076
2839.0,,87.1470793884802,3.0706721147169382,2,8,1,1339.0,
,8.525075796584378,20.30559381268665,1.1435050519957688,1,12,0,,
3614.0,10.007305563072183,39.74590953615218,2.1854670952081157,2,9,1,614.0,36166.40230494287
2075.0,7.99283245030867,79.27232449216572,,4,4,1,575.0,16585.12733439049
2462.0,3.9041642891888264,45.30161197834454,2.153258279136817,3,12,0,962.0,9612.05247998289
976.0,11.477639388646157,42.22708656792162,0.8915774823625493,3,10,1,976.0,11202.17604331865
,11.78274523943728,48.81871350403423,3.005532099176846,2,11,0,,
3548.0,9.849654486779738,41.63146291076204,4.303043831732157,3,10,1,548.0,34946.57411909451
1412.0,,87.41695217284439,,4,14,1,1412.0,
1560.0,11.750926472811624,45.06783340681145,1.2880541305865896,3,9,1,60.0,18331.445297586135
2809.0,7.860042769561506,83.11459774208058,3.5274407648561,4,4,1,1309.0,22078.86013969827
2424.0,3.819195760789948,91.34977158485879,,1,10,1,924.0,9257.730524154835
1833.0,10.133848958666517,54.70539356612236,,4,10,1,333.0,18575.345141235724
,12.117988719590517,139.19317726252706,4.433322979873333,0,10,1,,
2663.0,3.805612625389349,50.18544431705543,1.6235102873310356,0,9,1,1163.0,10134.346421411838
,11.230692669668239,,,0,11,1,,
3617.0,5.721439445947556,27.143161962045834,0.502940258425848,2,7,1,617.0,20694.44647599231
2497.0,10.103155169555318,74.96154132025941,4.41801065356483,2,2,1,997.0,25227.57845837963
3835.0,5.667373963019859,59.5051232365543,4.066676659441106,2,9,1,835.0,21734.37914818116
,6.4153401853830525,51.011904436451765,3.322980207908051,4,4,0,,
1260.0,9.79656473965955,70.61695029988807,3.8761959377247903,2,8,1,1260.0,12343.671571971032
4954.0,4.755640011343713,,,1,14,1,454.0,23559.440616196756
342.0,9.952356690565018,20.349061572024727,2.5624561756440896,0,7,1,342.0,3403.705988173236
2690.0,9.777209458341725,33.3562470997759,2.080487243069514,4,13,1,1190.0,26300.69344293924
1163.0,13.202281427832883,77.0436840507455,0.9219943681565742,0,7,1,1163.0,15354.253300569642
4424.0,2.954174622209088,73.31083308625651,2.6875871834671585,2,8,1,1424.0,13069.268528653005
2695.0,4.575173413921811,97.28380041029418,4.643328426541859,4,1,1,1195.0,12330.09235051928
1019.0,2.546437040401159,80.88302322006264,0.6802660357281252,3,5,1,1019.0,2594.819344168781
105.0,10.34629596377082,,,1,2,0,105.0,1086.361076195936
567.0,12.370167717634127,76.20324012278456,1.4339342129256656,2,2,1,567.0,7013.8850958985495
4270.0,6.136335132889289,65.76626503673319,1.5716599414956334,2,1,1,1270.0,26202.151017437263
103.0,,28.429193780068516,4.587955483457189,1,5,0,103.0,
745.0,5.280720891366252,82.54590906759485,2.6063107440543054,1,2,0,745.0,3934.1370640678574
217.0,10.146306953145647,71.53193771807327,2.5983473582291845,3,4,1,217.0,2201.7486088326054
,4.952724598277571,23.8548809914637,3.9225903910487703,2,3,1,,
2651.0,,48.80403727207827,1.195214918022166,2,3,1,1151.0,
4389.0,4.974757007688471,,2.6926940934502284,0,2,1,1389.0,21834.208506744697
946.0,10.428401918312082,60.0320916568161,2.434933463544769,4,13,0,946.0,9865.26821472323
2862.0,,54.61833088157637,3.1860981074599524,4,6,1,1362.0,
1241.0,10.19437001779891,56.61596841274352,4.998009664626974,0,2,1,1241.0,12651.213192088448
1910.0,1.2540241769830451,36.7106179204131,3.962520023369212,4,14,1,410.0,2395.186178037616
823.0,6.815701597718464,49.49657366918362,2.2903956635784226,1,14,1,823.0,5609.322414922296
324.0,2.8692018369611874,49.58506047897413,4.2239887352332115,4,8,0,324.0,929.6213951754247
4727.0,8.397018739354763,24.188401614997794,1.2681876349061607,4,8,1,227.0,39692.707580929964
4308.0,1.2358037361815077,81.40541028143346,0.6370865883903205,0,13,1,1308.0,5323.842495469936
4754.0,12.266820326554077,53.32035455231032,1.4200176760892287,3,14,1,254.0,58316.46383243808
2148.0,10.048993857735656,85.77439094531387,2.031852002514168,4,12,1,648.0,21585.23880641619
4849.0,3.114765450819487,132.04176013438746,2.7976134085680195,4,5,1,349.0,15103.497671023692
4515.0,6.46238747568812,36.95952437589264,3.268081132435399,3,10,1,15.0,29177.67945273186
1673.0,6.222060226601755,72.58827857361028,4.597725727464898,0,7,0,173.0,10409.506759104735
1928.0,8.907604284895719,57.78254433303854,2.7943430429770597,3,4,1,428.0,17173.861061278945
2017.0,,90.4125390337188,,0,1,0,517.0,
4334.0,9.518415818302797,37.25925433411633,0.7260935442034195,1,11,1,1334.0,41252.81415652432
2126.0,8.099300013301837,74.22505602480354,0.6571019869530071,0,2,1,626.0,17219.111828279707
,12.005826345700138,68.62016978021781,2.9802198286236745,1,10,0,,
1001.0,11.626677270982107,43.624118205746626,2.47180375961755,1,10,1,1001.0,11638.30394825309
4885.0,3.1378008777625728,30.92807229209381,4.276311777411344,0,4,1,385.0,15328.157287870168
,10.999658461206572,72.13118083818213,1.2230581312033033,2,1,1,,
109.0,,79.08779665058645,0.6123724795267231,0,13,1,109.0,
360.0,11.140060976535553,45.250187501068,2.5206744556855663,4,8,1,360.0,4010.421951552799
1773.0,5.667806973637127,71.5866083217851,,4,9,0,273.0,10049.021764258627
2319.0,10.180009232533477,51.61047260892026,,2,4,1,819.0,23607.441410245134
2160.0,10.049070048517482,77.05655066260942,3.76069229081433,1,10,1,660.0,21705.99130479776
3813.0,8.932750758280704,35.93722199152425,1.0021684998076137,2,3,1,813.0,34060.578641324326
1719.0,9.527329174718549,91.21720021089395,3.2374377500349727,4,2,0,219.0,16377.478851341186
420.0,4.043993076046507,42.99276771724638,1.764723875751001,2,5,0,420.0,1698.477091939533
4326.0,3.978269861662246,49.42287902049223,1.280732226597599,0,14,1,1326.0,17209.995421550877
2476.0,6.875136778862062,24.647356166427983,2.2088818531369285,2,3,1,976.0,17022.838664462466
2932.0,3.648189268219687,,4.106505993003291,1,10,1,1432.0,10696.490934420122
,8.57866098871159,61.26895221698625,2.264421096070577,0,7,1,,
,4.649068266351068,41.40741413823772,3.8784634214497506,3,11,0,,
3058.0,,86.83841805937556,1.064688335596178,4,6,1,58.0,
,11.004234595181762,,3.977471388492856,4,1,1,,
3590.0,11.653320893288296,50.32752389375489,1.566199962079919,2,12,1,590.0,41835.422006904984
3777.0,5.047320297596321,46.987643741527414,3.5482690844999274,0,8,1,777.0,19063.728764021304
1218.0,12.792034141008264,21.54621047340808,3.0460169967844837,3,2,1,1218.0,15580.697583748066
,10.985746771823187,29.949471920040818,4.6811512274525935,0,5,1,,
4127.0,5.184998098761797,79.63712099023623,2.2429513308889133,4,9,1,1127.0,21398.487153589936
335.0,,59.429166755795734,0.797743349754982,0,8,1,335.0,
2069.0,8.591459465170118,52.34317978038953,0.5861996849806381,3,2,1,569.0,17775.729633436975
4529.0,4.593604522582456,,4.220863524377389,2,9,1,29.0,20804.434882775946
2008.0,8.723211930419748,67.61053399245452,2.8613103694764446,1,5,1,508.0,17516.209556282854
475.0,7.904821788462314,20.79390569022685,3.988598233257272,0,10,1,475.0,3754.790349519599
3630.0,2.9729355228600687,57.127612756280314,1.554915200051816,1,14,1,630.0,10791.75594798205
2735.0,6.23751038576189,97.07993927100706,2.0528768548095515,4,6,1,1235.0,17059.59090505877
1670.0,3.7865485752408974,61.522582410363896,0.6354674249509352,2,13,1,170.0,6323.536120652298
,4.355522677997979,74.20338139671625,4.826715460583505,2,3,1,,
3491.0,5.158606217072965,44.949108633350654,3.5054055801536603,0,13,1,491.0,18008.69430380172
3065.0,14.57102772077859,81.91931025222101,4.699422894916878,2,3,1,65.0,44660.19996418638
3743.0,5.535718741600224,81.8337185500892,1.6947338334308255,0,10,1,743.0,20720.19524980964
3950.0,11.845668815847866,61.703683812331114,3.251586250515474,0,8,1,950.0,46790.39182259907
2916.0,5.605201215181959,147.12165879350562,3.55324985731687,1,11,1,1416.0,16344.76674347059
1352.0,3.7176282665769627,30.044017181012272,1.928973651159148,2,10,1,1352.0,5026.233416412054
1414.0,9.618995269238365,21.35581319116648,4.316491557570336,0,10,1,1414.0,13601.259310703048
4920.0,9.384927216807533,81.61265694056767,4.762226583051115,1,12,1,420.0,46173.841906693066
8994.0,,84.5724429891906,4.481848029632019,3,2,1,1494.0,
177.0,,29.6165783296461,3.8258013917271763,1,11,0,177.0,
2721.0,3.535654063498498,41.24662663668849,1.748591058762293,1,12,1,1221.0,9620.514706779413
4327.0,,21.404189069330315,1.7672721894753427,0,12,1,1327.0,
700.0,7.971461339978117,43.46468886244517,4.83512144200717,4,2,1,700.0,5580.022937984682
1165.0,1.8047559337745889,81.85134991349372,0.5462802317106141,4,13,1,1165.0,2102.540662847396
2236.0,0.8759571908718311,61.436842217006316,3.72222487958965,4,5,0,736.0,1958.6402787894144
2549.0,9.944729872531582,47.84764745346305,3.6781077314986796,1,6,1,1049.0,25349.116445083004
2443.0,9.2571328530013,,,0,12,1,943.0,22615.175559882176
1963.0,2.0112401632529178,20.108290057237454,4.955489807390896,2,2,1,463.0,3948.0644404654777
1418.0,12.08445157520289,43.98404220521887,1.9034574609367636,1,5,1,1418.0,17135.752333637698
4811.0,1.087474636876709,,2.0298733870696166,1,7,0,311.0,5231.840478013847
11091.0,9.418216254930437,97.93555550530857,0.8552273132595,0,10,1,591.0,104457.43648343347
3862.0,13.319524574062655,87.76486615871195,,3,10,1,862.0,51440.003905029975
,3.747552848045354,21.88759717164233,1.6747183680568165,1,8,0,,
,2.906050229515386,91.88484837398715,2.045240159799399,3,12,0,,
1092.0,5.423724521255645,82.65587306389008,4.255573056150324,3,7,1,1092.0,5922.707177211164
2812.0,3.084570087411841,82.43008988567843,4.709680310873731,4,8,1,1312.0,8673.811085802097
2292.0,4.1928116528569515,56.63966072028572,1.3357988240233354,0,14,1,792.0,9609.924308348132
1348.0,8.891036591649405,51.840423436360226,2.1762901919905966,3,12,1,1348.0,11985.117325543397
3154.0,2.114820549107972,44.23325830665541,,0,9,1,154.0,6670.144011886543
4698.0,,25.255588716349262,0.7781380731015018,4,5,1,198.0,
4133.0,14.140311147478293,38.258829079495925,0.9156223765012033,0,13,1,1133.0,58441.905972527784
2097.0,10.931663276703556,39.72829079824197,1.232559451428032,1,5,1,597.0,22923.697891247357
3787.0,6.307667492025389,58.72616557681613,3.178457753570936,3,11,1,787.0,23887.13679230015
,5.369542161993998,79.79555252773551,1.1771252195269886,0,10,0,,
4118.0,8.55275806738625,57.90478627183573,,2,4,1,1118.0,35220.25772149658
3210.0,7.989407113139556,24.62755595577285,2.5102153726633416,0,13,1,210.0,25645.996833177975
2070.0,,96.62318407905632,2.7568308215757487,3,9,1,570.0,
297.0,1.403695785073697,143.12691829129346,1.6099637711243293,4,5,0,297.0,416.897648166888
2726.0,11.376105274403418,124.22274517780902,2.6193211359563007,4,14,1,1226.0,31011.26297802372
1302.0,,99.30623212513764,3.478611346866552,3,2,1,1302.0,
2135.0,3.6629920502879108,63.55858662402103,3.8802971162931925,1,10,1,635.0,7820.4880273646895
577.0,7.019419641725062,97.02146802025649,3.8924063721946087,1,8,1,577.0,4050.2051332753604
1354.0,,26.048403249340062,3.1005100071233973,4,7,1,1354.0,
1022.0,9.862240621006,49.254459860909705,,4,8,1,1022.0,10079.209914668132
519.0,,,,3,12,1,519.0,
2304.0,,,3.906716516143814,1,3,0,804.0,
2697.0,,,0.7502248475620727,4,4,1,1197.0,
1220.0,,69.79309132527973,0.5309508299884219,1,5,1,1220.0,
3168.0,9.668318165653538,123.7586226896766,,4,6,1,168.0,30629.23194879041
1050.0,5.107324997995569,66.26387195362885,3.4858561726105353,0,1,1,1050.0,5362.691247895347
2436.0,5.496421905831923,31.757016767056776,2.350388699971456,2,4,1,936.0,13389.283762606565
2343.0,,84.88990159467767,2.310828166846903,0,11,0,843.0,
2745.0,5.8743798111319885,70.87637657309827,4.480640997033262,4,12,1,1245.0,16125.172581557308
1957.0,8.204291137411158,51.05325649015964,4.530032816593274,2,10,1,457.0,16055.797755913636
4712.0,3.9820007616220545,73.93042364288505,4.591288688241136,2,13,1,212.0,18763.18758876312
1965.0,4.267183451518624,40.792398339426626,,4,5,1,465.0,8385.015482234097
3012.0,4.41117687274644,,3.609751157326678,4,7,1,12.0,13286.464740712277
2953.0,9.928960080101861,93.39886745055922,1.7223493157346634,1,13,1,1453.0,29320.219116540797
3328.0,12.120732234114989,,1.357744248835024,4,5,1,328.0,40337.796875134685
11457.0,12.325063448309145,57.59906145263493,1.3308460580631616,3,13,1,957.0,141208.25192727786
3328.0,6.569258130384606,91.21129099168117,,4,13,1,328.0,21862.491057919968
2471.0,2.351823868544291,,2.4348092890091975,3,1,0,971.0,5811.356779172944
2991.0,8.448582186814058,24.97625809317622,4.239271269747808,4,11,1,1491.0,25269.709320760845
,5.58402108672511,31.784243542317625,1.0395099206272045,1,7,1,,
4325.0,10.062825260181176,,3.807166313277024,3,8,1,1325.0,43521.71925028359
194.0,4.163477354912364,70.47374321833307,2.8915471138518742,0,13,1,194.0,807.7146068529986
2774.0,,55.81387403283347,1.7957540420419662,3,7,1,1274.0,
2055.0,4.164938288897837,30.741988072182043,2.7176881303977107,1,11,1,555.0,8558.948183685054
893.0,7.042291260396063,96.63472968454164,1.8497393139966019,3,14,1,893.0,6288.766095533684
1934.0,11.188873792693204,62.37277791564959,3.182368798572377,4,13,1,434.0,21639.28191506866
2216.0,8.0819510569846,,2.452297652848599,4,4,1,716.0,17909.603542277873
4206.0,4.988074539860282,60.0482856923766,1.2398248808549543,1,8,1,1206.0,20979.841514652348
3425.0,8.278705776451563,74.36962661880862,1.0246238355006352,2,5,1,425.0,28354.5672843466
3019.0,6.775845962257699,26.099137437885158,,4,10,1,19.0,20456.27896005599
2697.0,8.071219158049072,41.97630520383136,4.560858649787465,0,9,1,1197.0,21768.078069258347
,10.143910239749971,,2.047809589509585,1,12,1,,
4907.0,13.38108863553586,56.7731896322129,3.7985004825018045,3,12,1,407.0,65661.00193457447
914.0,8.214700541640397,63.72617136258359,3.4639760972289513,3,10,0,914.0,7508.236295059323
445.0,3.8908909682546833,,4.691997114392665,0,5,0,445.0,1731.4464808733342
2449.0,10.352481141073943,23.51199541144041,4.194414577846134,4,1,1,949.0,25353.226314490086
462.0,8.839035189191621,,3.0497236650745836,1,12,1,462.0,4083.6342574065293
2543.0,,55.64333109935127,3.4566372420534828,0,9,1,1043.0,
2365.0,9.520171063407,36.73483723263423,4.542739099628157,4,12,1,865.0,22515.204564957556
2288.0,0.651332305870993,23.998322292774297,2.2978345306412065,1,5,0,788.0,1490.248315832832
3105.0,12.093252834105794,87.4919731241459,1.970576176359998,3,6,1,105.0,37549.55004989849
3381.0,4.851767535903162,98.49540233312926,0.5486498763583836,1,4,0,381.0,16403.82603888859
1084.0,,83.45142991973916,4.219479833861589,2,6,1,1084.0,
1739.0,7.721438942863302,88.30279373637336,4.104413151815142,1,12,1,239.0,13427.582321639282
927.0,13.474457719109513,39.35817042536363,0.9700453314506812,2,8,1,927.0,12490.822305614518
2830.0,8.742160164108883,96.85015804105598,3.095858215097151,1,3,1,1330.0,24740.31326442814
3631.0,7.259028014149097,35.75405635627427,2.5879176417509933,2,5,1,631.0,26357.53071937537
4551.0,4.932246988399857,96.11438482894658,1.0341909297910017,3,2,1,51.0,22446.65604420775
,6.4542572116895816,99.58554351727608,4.912557021773256,4,14,0,,
3976.0,3.0346853907947944,76.9378244596839,1.4661314935850995,2,2,0,976.0,12065.909113800102
226.0,11.545727182492135,98.49149854334576,0.8025538104075252,2,13,1,226.0,2609.3343432432225
3277.0,,65.56318236536829,3.176813207758593,3,7,0,277.0,
3156.0,,40.763342654087225,3.824900047098647,2,10,0,156.0,
703.0,2.1550573598181755,54.95967085324967,0.6459955072123413,0,13,0,703.0,1515.0053239521774
,1.4299217496099115,67.48487483030289,3.4642293742716,3,10,1,,
4246.0,7.357712941860954,25.846524962161197,2.895313441781545,0,14,1,1246.0,31240.84915114161
3633.0,,69.7874611693797,0.9646925399377179,3,11,1,633.0,
3467.0,3.938252897331189,147.74134041147533,1.2763574462586293,2,10,1,467.0,13653.922795047232
10404.0,1.5329150901091604,35.20861198269821,3.0558843379223624,0,6,1,1404.0,15948.448597495704
3897.0,11.043009607919194,,,2,4,1,897.0,43034.6084420611
1892.0,12.100112509633476,92.63190350236955,,3,5,1,392.0,22893.412868226536
2961.0,8.470869721188102,95.49612742561766,4.184331032678228,2,1,1,1461.0,25082.24524443797
10728.0,5.33253032904502,96.81084835243578,4.926052429311484,0,7,1,228.0,57207.385369994976
3517.0,,61.71677109771775,1.6685187752768629,0,8,1,517.0,
1745.0,11.429964691158645,98.1846326393203,4.863756347590897,2,9,1,245.0,19945.288386071836
,8.100294658264378,80.58481657075511,,1,8,0,,
3130.0,2.144769231277071,32.93371489895695,,3,5,0,130.0,6713.127693897232
2972.0,2.4538746390155435,58.1520085174376,0.7265728713620896,3,3,1,1472.0,7292.915427154196
,5.17542708213779,77.46649402976033,0.7374436603682117,2,10,1,,
1954.0,10.259096296994787,39.787225265526665,3.614050651759946,1,11,1,454.0,20046.274164327813
4121.0,10.965400844528748,71.24921468391099,2.5606804749531253,0,9,1,1121.0,45188.41688030297
4762.0,3.303708441733282,73.32803832372954,1.5193473171624756,4,6,1,262.0,15732.259599533889
2808.0,3.409103047561752,33.01597950468527,3.262866378463547,4,5,1,1308.0,9572.7613575534
3602.0,4.68247833222985,65.2068249962205,,2,13,1,602.0,16866.28695269192
,13.981609097751758,,3.0993428945499018,1,3,1,,
301.0,3.0206041707422937,59.91165316287535,2.1164393614221066,1,6,0,301.0,909.2018553934304
3607.0,11.114606987773724,20.968249342088594,4.205985019753186,3,3,1,607.0,40090.387404899826
4312.0,,20.723077526343374,4.193132723450507,0,10,1,1312.0,
674.0,,,2.648076791550806,1,12,1,674.0,
636.0,5.234979445615576,94.09552547454255,2.0786859920075704,4,6,1,636.0,3329.4469274115063
1725.0,1.9556034961889268,38.2941423682887,2.1315190845159253,0,4,1,225.0,3373.4160309258987
2222.0,,,4.125715365506981,0,2,1,722.0,
485.0,8.088075897326336,56.649104483198464,1.976807672589254,2,8,0,485.0,3922.716810203273
3381.0,,45.73359917276389,1.440767181680807,1,4,1,381.0,
574.0,6.6126675567327275,87.84336716811872,,2,9,0,574.0,3795.671177564586
517.0,3.863771545819688,78.30891538159575,,1,7,1,517.0,1997.5698891887787
3700.0,14.30333448105319,27.63194218505685,2.6695944451392886,3,12,1,700.0,52922.337579896805
,9.68627703991299,54.296161678914686,4.284089196813082,2,2,0,,
4958.0,5.442690756711743,22.333581091621156,1.495574134007288,2,4,1,458.0,26984.86077177682
1305.0,12.115293463340759,58.47121172824072,2.2144607315077995,4,5,1,1305.0,15810.45796965969
4859.0,6.806872641677561,72.99472093608544,4.13782582502161,2,3,1,359.0,33074.59416591127
4220.0,8.775786634526273,29.480209887852126,4.206306248370381,1,9,1,1220.0,37033.81959770087
2090.0,11.19574138690006,43.11079511273326,2.2307498419044567,4,13,1,590.0,23399.099498621126
4905.0,12.70207202552047,51.826930040172556,2.566058104790064,2,5,1,405.0,62303.66328517791
3672.0,10.818799081562592,93.56248197248398,1.8647865088217732,2,2,1,672.0,39726.63022749784
4480.0,3.831054362302159,99.46040123383712,4.696496952886904,3,11,1,1480.0,17163.12354311367
4258.0,6.977760832504658,23.592903919649267,1.0338969458371114,2,3,1,1258.0,29711.305624804834
4857.0,13.284753470129962,80.88063387963136,4.701872403506615,0,14,1,357.0,64524.04760442123
2813.0,4.713599687130263,49.73792531218746,3.5773990332590446,4,9,1,1313.0,13259.35591989743
